process	person	campaign	protocol	date_start	date_end	input_objects	output_objects	
16S Sequencing <PROCESS:0000020>	Zhou Lab <ENIGMA:0000090>	100 Well Survey <ENIGMA:0000003>	null	null	null	Community: FW511-7-26-12 0.2 micron filter	Reads: FW511_7_26_13_02.reads
16S Sequencing <PROCESS:0000020>	Zhou Lab <ENIGMA:0000090>	100 Well Survey <ENIGMA:0000003>	null	null	null	Community: DP16D-67-11-27-12 0.2 micron filter	Reads: DP16D_67_11_27_12_02.reads
16S Sequencing <PROCESS:0000020>	Zhou Lab <ENIGMA:0000090>	100 Well Survey <ENIGMA:0000003>	null	null	null	Community: GW056-87-1-8-13 10 micron filter	Reads: GW056_87_1_8_13_10.reads
16S Sequencing <PROCESS:0000020>	Zhou Lab <ENIGMA:0000090>	100 Well Survey <ENIGMA:0000003>	null	null	null	Community: DP16D-67-11-27-12 10 micron filter	Reads: DP16D_67_11_27_12_10.reads
16S Sequencing <PROCESS:0000020>	Zhou Lab <ENIGMA:0000090>	100 Well Survey <ENIGMA:0000003>	null	null	null	Community: GW057-10-1-8-13 0.2 micron filter	Reads: GW057_10_1_8_13_02.reads
16S Sequencing <PROCESS:0000020>	Zhou Lab <ENIGMA:0000090>	100 Well Survey <ENIGMA:0000003>	null	null	null	Community: FW021-46-11-27-12 0.2 micron filter	Reads: FW021_46_11_27_12_02.reads
16S Sequencing <PROCESS:0000020>	Zhou Lab <ENIGMA:0000090>	100 Well Survey <ENIGMA:0000003>	null	null	null	Community: GW057-10-1-8-13 10 micron filter	Reads: GW057_10_1_8_13_10.reads
16S Sequencing <PROCESS:0000020>	Zhou Lab <ENIGMA:0000090>	100 Well Survey <ENIGMA:0000003>	null	null	null	Community: FW021-46-11-27-12 10 micron filter	Reads: FW021_46_11_27_12_10.reads
16S Sequencing <PROCESS:0000020>	Zhou Lab <ENIGMA:0000090>	100 Well Survey <ENIGMA:0000003>	null	null	null	Community: GW066-71-2-20-13 0.2 micron filter	Reads: GW066_71_2_20_13_02.reads
16S Sequencing <PROCESS:0000020>	Zhou Lab <ENIGMA:0000090>	100 Well Survey <ENIGMA:0000003>	null	null	null	Community: FW021-7-26-12 0.2 micron filter	Reads: FW021_7_26_12_02.reads
16S Sequencing <PROCESS:0000020>	Zhou Lab <ENIGMA:0000090>	100 Well Survey <ENIGMA:0000003>	null	null	null	Community: GW125-85-2-20-13 10 micron filter	Reads: GW125_85_2_20_13_10.reads
16S Sequencing <PROCESS:0000020>	Zhou Lab <ENIGMA:0000090>	100 Well Survey <ENIGMA:0000003>	null	null	null	Community: FW021-7-26-12 10 micron filter	Reads: FW021_7_26_12_3.reads
16S Sequencing <PROCESS:0000020>	Zhou Lab <ENIGMA:0000090>	100 Well Survey <ENIGMA:0000003>	null	null	null	Community: GW066-71-2-20-13 10 micron filter	Reads: GW066_71_2_20_13_10.reads
16S Sequencing <PROCESS:0000020>	Zhou Lab <ENIGMA:0000090>	100 Well Survey <ENIGMA:0000003>	null	null	null	Community: FW104-67-11-14-12 0.2 micron filter	Reads: FW104_67_11_14_12_02.reads
16S Sequencing <PROCESS:0000020>	Zhou Lab <ENIGMA:0000090>	100 Well Survey <ENIGMA:0000003>	null	null	null	Community: GW084-56-11-28-12 0.2 micron filter	Reads: GW084_56_11_28_12_02.reads
16S Sequencing <PROCESS:0000020>	Zhou Lab <ENIGMA:0000090>	100 Well Survey <ENIGMA:0000003>	null	null	null	Community: FW104-67-11-14-12 10 micron filter	Reads: FW104_67_11_14_12_10.reads
16S Sequencing <PROCESS:0000020>	Zhou Lab <ENIGMA:0000090>	100 Well Survey <ENIGMA:0000003>	null	null	null	Community: GW084-56-11-28-12 10 micron filter	Reads: GW084_56_11_28_12_10.reads
16S Sequencing <PROCESS:0000020>	Zhou Lab <ENIGMA:0000090>	100 Well Survey <ENIGMA:0000003>	null	null	null	Community: FW104-7-26-12 0.2 micron filter	Reads: FW104_7_26_12_02.reads
16S Sequencing <PROCESS:0000020>	Zhou Lab <ENIGMA:0000090>	100 Well Survey <ENIGMA:0000003>	null	null	null	Community: GW127-16-11-26-12 0.2 micron filter	Reads: GW127_16_11_26_12_02.reads
16S Sequencing <PROCESS:0000020>	Zhou Lab <ENIGMA:0000090>	100 Well Survey <ENIGMA:0000003>	null	null	null	Community: FW104-7-26-12 10 micron filter	Reads: FW104_7_26_12_3.reads
16S Sequencing <PROCESS:0000020>	Zhou Lab <ENIGMA:0000090>	100 Well Survey <ENIGMA:0000003>	null	null	null	Community: GW085-58-12-3-12 0.2 micron filter	Reads: GW085_58_12_3_12_02.reads
16S Sequencing <PROCESS:0000020>	Zhou Lab <ENIGMA:0000090>	100 Well Survey <ENIGMA:0000003>	null	null	null	Community: FW106-11-13-12 0.2 micron filter	Reads: FW106_11_13_12_02.reads
16S Sequencing <PROCESS:0000020>	Zhou Lab <ENIGMA:0000090>	100 Well Survey <ENIGMA:0000003>	null	null	null	Community: GW085-58-12-3-12 10 micron filter	Reads: GW085_58_12_3_12_10.reads
16S Sequencing <PROCESS:0000020>	Zhou Lab <ENIGMA:0000090>	100 Well Survey <ENIGMA:0000003>	null	null	null	Community: FW106-11-13-12 10 micron filter	Reads: FW106_11_13_12_10.reads
16S Sequencing <PROCESS:0000020>	Zhou Lab <ENIGMA:0000090>	100 Well Survey <ENIGMA:0000003>	null	null	null	Community: GW086-25-12-3-12 0.2 micron filter	Reads: GW086_25_12_3_12_02.reads
16S Sequencing <PROCESS:0000020>	Zhou Lab <ENIGMA:0000090>	100 Well Survey <ENIGMA:0000003>	null	null	null	Community: FW106-7-25-12 0.2 micron filter	Reads: FW106_7_25_12_02.reads
16S Sequencing <PROCESS:0000020>	Zhou Lab <ENIGMA:0000090>	100 Well Survey <ENIGMA:0000003>	null	null	null	Community: GW086-25-12-3-12 10 micron filter	Reads: GW086_25_12_3_12_10.reads
16S Sequencing <PROCESS:0000020>	Zhou Lab <ENIGMA:0000090>	100 Well Survey <ENIGMA:0000003>	null	null	null	Community: FW109-1-7-25-12 10 micron filter	Reads: FW109_1_7_25_12_3.reads
16S Sequencing <PROCESS:0000020>	Zhou Lab <ENIGMA:0000090>	100 Well Survey <ENIGMA:0000003>	null	null	null	Community: GW089-62-1-7-13 0.2 micron filter	Reads: GW089_62_1_7_13_02.reads
16S Sequencing <PROCESS:0000020>	Zhou Lab <ENIGMA:0000090>	100 Well Survey <ENIGMA:0000003>	null	null	null	Community: FW109-2-7-25-12 0.2 micron filter	Reads: FW109_2_7_25_12_02.reads
16S Sequencing <PROCESS:0000020>	Zhou Lab <ENIGMA:0000090>	100 Well Survey <ENIGMA:0000003>	null	null	null	Community: GW089-62-1-7-13 10 micron filter	Reads: GW089_62_1_7_13_10.reads
16S Sequencing <PROCESS:0000020>	Zhou Lab <ENIGMA:0000090>	100 Well Survey <ENIGMA:0000003>	null	null	null	Community: FW109-2-7-25-12 10 micron filter	Reads: FW109_2_7_25_12_3.reads
16S Sequencing <PROCESS:0000020>	Zhou Lab <ENIGMA:0000090>	100 Well Survey <ENIGMA:0000003>	null	null	null	Community: GW098-57-1-22-13 0.2 micron filter	Reads: GW098_57_1_22_13_02.reads
16S Sequencing <PROCESS:0000020>	Zhou Lab <ENIGMA:0000090>	100 Well Survey <ENIGMA:0000003>	null	null	null	Community: FW109-35-61-11-14-12 0.2 micron filter	Reads: FW109_35_61_11_14_12_02.reads
16S Sequencing <PROCESS:0000020>	Zhou Lab <ENIGMA:0000090>	100 Well Survey <ENIGMA:0000003>	null	null	null	Community: GW098-57-1-22-13 10 micron filter	Reads: GW098_57_1_22_13_10.reads
16S Sequencing <PROCESS:0000020>	Zhou Lab <ENIGMA:0000090>	100 Well Survey <ENIGMA:0000003>	null	null	null	Community: FW109-35-61-11-14-12 10 micron filter	Reads: FW109_35_61_11_14_12_10.reads
16S Sequencing <PROCESS:0000020>	Zhou Lab <ENIGMA:0000090>	100 Well Survey <ENIGMA:0000003>	null	null	null	Community: GW101-11-13-12 0.2 micron filter	Reads: GW101_11_13_12_02.reads
16S Sequencing <PROCESS:0000020>	Zhou Lab <ENIGMA:0000090>	100 Well Survey <ENIGMA:0000003>	null	null	null	Community: FW109-40-92-11-14-12 0.2 micron filter	Reads: FW109_40_92_11_14_12_02.reads
16S Sequencing <PROCESS:0000020>	Zhou Lab <ENIGMA:0000090>	100 Well Survey <ENIGMA:0000003>	null	null	null	Community: GW101-11-13-12 0.2 micron filter B	Reads: GW101_11_13_12_02_b.reads
16S Sequencing <PROCESS:0000020>	Zhou Lab <ENIGMA:0000090>	100 Well Survey <ENIGMA:0000003>	null	null	null	Community: FW109-40-92-11-14-12 10 micron filter	Reads: FW109_40_92_11_14_12_10.reads
16S Sequencing <PROCESS:0000020>	Zhou Lab <ENIGMA:0000090>	100 Well Survey <ENIGMA:0000003>	null	null	null	Community: GW101-11-13-12 10 micron filter	Reads: GW101_11_13_12_10.reads
16S Sequencing <PROCESS:0000020>	Zhou Lab <ENIGMA:0000090>	100 Well Survey <ENIGMA:0000003>	null	null	null	Community: FW126-7-25-12 0.2 micron filter	Reads: FW126_7_25_12_02.reads
16S Sequencing <PROCESS:0000020>	Zhou Lab <ENIGMA:0000090>	100 Well Survey <ENIGMA:0000003>	null	null	null	Community: GW127-16-11-26-12 10 micron filter	Reads: GW127_16_11_26_12_10.reads
16S Sequencing <PROCESS:0000020>	Zhou Lab <ENIGMA:0000090>	100 Well Survey <ENIGMA:0000003>	null	null	null	Community: FW126-7-25-12 10 micron filter	Reads: FW126_7_25_12_3.reads
16S Sequencing <PROCESS:0000020>	Zhou Lab <ENIGMA:0000090>	100 Well Survey <ENIGMA:0000003>	null	null	null	Community: GW101-11-13-12 10 micron filter B	Reads: GW101_11_13_12_10_b.reads
16S Sequencing <PROCESS:0000020>	Zhou Lab <ENIGMA:0000090>	100 Well Survey <ENIGMA:0000003>	null	null	null	Community: FW215-84-11-27-12 0.2 micron filter	Reads: FW215_84_11_27__12_02.reads
16S Sequencing <PROCESS:0000020>	Zhou Lab <ENIGMA:0000090>	100 Well Survey <ENIGMA:0000003>	null	null	null	Community: GW101-7-26-12 0.2 micron filter	Reads: GW101_7_25_12_02.reads
16S Sequencing <PROCESS:0000020>	Zhou Lab <ENIGMA:0000090>	100 Well Survey <ENIGMA:0000003>	null	null	null	Community: FW215-84-11-27-12 10 micron filter	Reads: FW215_84_11_27__12_10.reads
16S Sequencing <PROCESS:0000020>	Zhou Lab <ENIGMA:0000090>	100 Well Survey <ENIGMA:0000003>	null	null	null	Community: FW233-17-2-99-11-28-12 0.2 micron filter	Reads: FW233_2_17_99_11_28_12_02.reads
16S Sequencing <PROCESS:0000020>	Zhou Lab <ENIGMA:0000090>	100 Well Survey <ENIGMA:0000003>	null	null	null	Community: FW511-61-11-26-12 10 micron filter	Reads: FW511_61_11_26_12_10.reads
16S Sequencing <PROCESS:0000020>	Zhou Lab <ENIGMA:0000090>	100 Well Survey <ENIGMA:0000003>	null	null	null	Community: FW233-17-2-99-11-28-12 10 micron filter	Reads: FW233_2_17_99_11_28_12_10.reads
16S Sequencing <PROCESS:0000020>	Zhou Lab <ENIGMA:0000090>	100 Well Survey <ENIGMA:0000003>	null	null	null	Community: GW101-7-26-12 0.2 micron filter B	Reads: GW101_7_25_12_02_b.reads
16S Sequencing <PROCESS:0000020>	Zhou Lab <ENIGMA:0000090>	100 Well Survey <ENIGMA:0000003>	null	null	null	Community: FW300-59-10-19-12 0.2 micron filter	Reads: FW300_59_10_19_12_02.reads
16S Sequencing <PROCESS:0000020>	Zhou Lab <ENIGMA:0000090>	100 Well Survey <ENIGMA:0000003>	null	null	null	Community: GW101-7-26-12 10 micron filter	Reads: GW101_7_25_12_3.reads
16S Sequencing <PROCESS:0000020>	Zhou Lab <ENIGMA:0000090>	100 Well Survey <ENIGMA:0000003>	null	null	null	Community: FW300-59-10-19-12 10 micron filter	Reads: FW300_59_10_19_12_10.reads
16S Sequencing <PROCESS:0000020>	Zhou Lab <ENIGMA:0000090>	100 Well Survey <ENIGMA:0000003>	null	null	null	Community: GW101-7-26-12 10 micron filter B	Reads: GW101_7_25_12_3_b.reads
16S Sequencing <PROCESS:0000020>	Zhou Lab <ENIGMA:0000090>	100 Well Survey <ENIGMA:0000003>	null	null	null	Community: FW301-7-25-12 0.2 micron filter	Reads: FW301_7_25_12_02.reads
16S Sequencing <PROCESS:0000020>	Zhou Lab <ENIGMA:0000090>	100 Well Survey <ENIGMA:0000003>	null	null	null	Community: GW148-12-17-12 0.2 micron filter	Reads: GW148_12_17_12_02.reads
16S Sequencing <PROCESS:0000020>	Zhou Lab <ENIGMA:0000090>	100 Well Survey <ENIGMA:0000003>	null	null	null	Community: FW301-7-25-12 10 micron filter	Reads: FW301_7_25_12_3.reads
16S Sequencing <PROCESS:0000020>	Zhou Lab <ENIGMA:0000090>	100 Well Survey <ENIGMA:0000003>	null	null	null	Community: GW105-12-11-12 0.2 micron filter	Reads: GW105_12_11_12_02.reads
16S Sequencing <PROCESS:0000020>	Zhou Lab <ENIGMA:0000090>	100 Well Survey <ENIGMA:0000003>	null	null	null	Community: FW301-81-10-19-12 0.2 micron filter	Reads: FW301_81_10_19_12_02.reads
16S Sequencing <PROCESS:0000020>	Zhou Lab <ENIGMA:0000090>	100 Well Survey <ENIGMA:0000003>	null	null	null	Community: GW105-12-11-12 10 micron filter	Reads: GW105_12_11_12_10.reads
16S Sequencing <PROCESS:0000020>	Zhou Lab <ENIGMA:0000090>	100 Well Survey <ENIGMA:0000003>	null	null	null	Community: FW301-81-10-19-12 10 micron filter	Reads: FW301_81_10_19_12_10.reads
16S Sequencing <PROCESS:0000020>	Zhou Lab <ENIGMA:0000090>	100 Well Survey <ENIGMA:0000003>	null	null	null	Community: GW107-91-12-11-12 0.2 micron filter	Reads: GW107_91_12_11_12_02.reads
16S Sequencing <PROCESS:0000020>	Zhou Lab <ENIGMA:0000090>	100 Well Survey <ENIGMA:0000003>	null	null	null	Community: FW301-81-2-20-13 0.2 micron filter	Reads: FW301_81_2_20_13_02.reads
16S Sequencing <PROCESS:0000020>	Zhou Lab <ENIGMA:0000090>	100 Well Survey <ENIGMA:0000003>	null	null	null	Community: GW107-91-12-11-12 10 micron filter	Reads: GW107_91_12_11_12_10.reads
16S Sequencing <PROCESS:0000020>	Zhou Lab <ENIGMA:0000090>	100 Well Survey <ENIGMA:0000003>	null	null	null	Community: FW301-81-2-20-13 10 micron filter	Reads: FW301_81_2_20_13_10.reads
16S Sequencing <PROCESS:0000020>	Zhou Lab <ENIGMA:0000090>	100 Well Survey <ENIGMA:0000003>	null	null	null	Community: GW115-2-11-26-12 0.2 micron filter	Reads: GW115_2_11_26_12_02.reads
16S Sequencing <PROCESS:0000020>	Zhou Lab <ENIGMA:0000090>	100 Well Survey <ENIGMA:0000003>	null	null	null	Community: FW303-11-10-23-12 0.2 micron filter	Reads: FW303_11_10_23_12_02.reads
16S Sequencing <PROCESS:0000020>	Zhou Lab <ENIGMA:0000090>	100 Well Survey <ENIGMA:0000003>	null	null	null	Community: GW115-2-11-26-12 10 micron filter	Reads: GW115_2_11_26_12_10.reads
16S Sequencing <PROCESS:0000020>	Zhou Lab <ENIGMA:0000090>	100 Well Survey <ENIGMA:0000003>	null	null	null	Community: FW303-11-10-23-12 10 micron filter	Reads: FW303_11_10_23_12_10.reads
16S Sequencing <PROCESS:0000020>	Zhou Lab <ENIGMA:0000090>	100 Well Survey <ENIGMA:0000003>	null	null	null	Community: GW115-2-11-26-12 10 micron filter B	Reads: GW115_2_11_26_12_10_b.reads
16S Sequencing <PROCESS:0000020>	Zhou Lab <ENIGMA:0000090>	100 Well Survey <ENIGMA:0000003>	null	null	null	Community: FW303-11-2-20-13 0.2 micron filter	Reads: FW303_11_2_20_13_02.reads
16S Sequencing <PROCESS:0000020>	Zhou Lab <ENIGMA:0000090>	100 Well Survey <ENIGMA:0000003>	null	null	null	Community: GW122-78-11-14-12 0.2 micron filter	Reads: GW122_78_11_14_12_02.reads
16S Sequencing <PROCESS:0000020>	Zhou Lab <ENIGMA:0000090>	100 Well Survey <ENIGMA:0000003>	null	null	null	Community: FW410-28-46-11-13-12 0.2 micron filter	Reads: FW410_28_46_11_13_12_02.reads
16S Sequencing <PROCESS:0000020>	Zhou Lab <ENIGMA:0000090>	100 Well Survey <ENIGMA:0000003>	null	null	null	Community: GW122-78-11-14-12 10 micron filter	Reads: GW122_78_11_14_12_10.reads
16S Sequencing <PROCESS:0000020>	Zhou Lab <ENIGMA:0000090>	100 Well Survey <ENIGMA:0000003>	null	null	null	Community: FW410-28-46-11-13-12 10 micron filter	Reads: FW410_28_46_11_13_12_10.reads
16S Sequencing <PROCESS:0000020>	Zhou Lab <ENIGMA:0000090>	100 Well Survey <ENIGMA:0000003>	null	null	null	Community: GW123-93-11-14-12 0.2 micron filter	Reads: GW123_93_11_14_12_02.reads
16S Sequencing <PROCESS:0000020>	Zhou Lab <ENIGMA:0000090>	100 Well Survey <ENIGMA:0000003>	null	null	null	Community: FW510-26-11-26-12 0.2 micron filter	Reads: FW510_26_11_26_12_02.reads
16S Sequencing <PROCESS:0000020>	Zhou Lab <ENIGMA:0000090>	100 Well Survey <ENIGMA:0000003>	null	null	null	Community: GW123-93-11-14-12 10 micron filter	Reads: GW123_93_11_14_12_10.reads
16S Sequencing <PROCESS:0000020>	Zhou Lab <ENIGMA:0000090>	100 Well Survey <ENIGMA:0000003>	null	null	null	Community: FW510-26-11-26-12 10 micron filter	Reads: FW510_26_11_26_12_10.reads
16S Sequencing <PROCESS:0000020>	Zhou Lab <ENIGMA:0000090>	100 Well Survey <ENIGMA:0000003>	null	null	null	Community: GW125-85-2-20-13 0.2 micron filter	Reads: GW125_85_2_20_13_02.reads
16S Sequencing <PROCESS:0000020>	Zhou Lab <ENIGMA:0000090>	100 Well Survey <ENIGMA:0000003>	null	null	null	Community: FW511-61-11-26-12 0.2 micron filter	Reads: FW511_61_11_26_12_02.reads
16S Sequencing <PROCESS:0000020>	Zhou Lab <ENIGMA:0000090>	100 Well Survey <ENIGMA:0000003>	null	null	null	Community: FW511-7-26-12 10 micron filter	Reads: FW511_7_26_13_3.reads
16S Sequencing <PROCESS:0000020>	Zhou Lab <ENIGMA:0000090>	100 Well Survey <ENIGMA:0000003>	null	null	null	Community: FW603-55-12-3-12 0.2 micron filter	Reads: FW603_55_12_3_12_02.reads
16S Sequencing <PROCESS:0000020>	Zhou Lab <ENIGMA:0000090>	100 Well Survey <ENIGMA:0000003>	null	null	null	Community: FW602-2-26-2-11-28-12 0.2 micron filter	Reads: FW602_2_26_2_11_28_12_02.reads
16S Sequencing <PROCESS:0000020>	Zhou Lab <ENIGMA:0000090>	100 Well Survey <ENIGMA:0000003>	null	null	null	Community: FW603-55-12-3-12 10 micron filter	Reads: FW603_55_12_3_12_10.reads
16S Sequencing <PROCESS:0000020>	Zhou Lab <ENIGMA:0000090>	100 Well Survey <ENIGMA:0000003>	null	null	null	Community: FW602-2-26-2-11-28-12 10 micron filter	Reads: FW602_2_26_2_11_28_12_10.reads
16S Sequencing <PROCESS:0000020>	Zhou Lab <ENIGMA:0000090>	100 Well Survey <ENIGMA:0000003>	null	null	null	Community: GW056-87-1-8-13 0.2 micron filter	Reads: GW056_87_1_8_13_02.reads
16S Sequencing <PROCESS:0000020>	Zhou Lab <ENIGMA:0000090>	100 Well Survey <ENIGMA:0000003>	null	null	null	Community: FW602-2-26-2-11-28-12 10 micron filter B	Reads: FW602_2_26_2_11_28_12_10_b.reads
16S Sequencing <PROCESS:0000020>	Zhou Lab <ENIGMA:0000090>	100 Well Survey <ENIGMA:0000003>	null	null	null	Community: GW148-12-17-12 10 micron filter	Reads: GW148_12_17_12_10.reads
16S Sequencing <PROCESS:0000020>	Zhou Lab <ENIGMA:0000090>	100 Well Survey <ENIGMA:0000003>	null	null	null	Community: GW151-12-12-12 0.2 micron filter	Reads: GW151_12_12_12_02.reads
16S Sequencing <PROCESS:0000020>	Zhou Lab <ENIGMA:0000090>	100 Well Survey <ENIGMA:0000003>	null	null	null	Community: GW151-12-12-12 10 micron filter	Reads: GW151_12_12_12_10.reads
16S Sequencing <PROCESS:0000020>	Zhou Lab <ENIGMA:0000090>	100 Well Survey <ENIGMA:0000003>	null	null	null	Community: GW162-37-2-19-13 0.2 micron filter	Reads: GW162_37_2_19_13_02.reads
16S Sequencing <PROCESS:0000020>	Zhou Lab <ENIGMA:0000090>	100 Well Survey <ENIGMA:0000003>	null	null	null	Community: GW162-37-2-19-13 10 micron filter	Reads: GW162_37_2_19_13_10.reads
16S Sequencing <PROCESS:0000020>	Zhou Lab <ENIGMA:0000090>	100 Well Survey <ENIGMA:0000003>	null	null	null	Community: GW190-22-12-11-12 0.2 micron filter	Reads: GW190_22_12_11_12_02.reads
16S Sequencing <PROCESS:0000020>	Zhou Lab <ENIGMA:0000090>	100 Well Survey <ENIGMA:0000003>	null	null	null	Community: GW190-22-12-11-12 10 micron filter	Reads: GW190_22_12_11_12_10.reads
16S Sequencing <PROCESS:0000020>	Zhou Lab <ENIGMA:0000090>	100 Well Survey <ENIGMA:0000003>	null	null	null	Community: GW190-22-12-11-12 10 micron filter B	Reads: GW190_22_12_11_12_10_b.reads
16S Sequencing <PROCESS:0000020>	Zhou Lab <ENIGMA:0000090>	100 Well Survey <ENIGMA:0000003>	null	null	null	Community: GW198-41-2-11-13 0.2 micron filter	Reads: GW198_41_2_11_13_02.reads
16S Sequencing <PROCESS:0000020>	Zhou Lab <ENIGMA:0000090>	100 Well Survey <ENIGMA:0000003>	null	null	null	Community: GW198-41-2-11-13 10 micron filter	Reads: GW198_41_2_11_13_10.reads
16S Sequencing <PROCESS:0000020>	Zhou Lab <ENIGMA:0000090>	100 Well Survey <ENIGMA:0000003>	null	null	null	Community: GW199-42-1-28-13 0.2 micron filter	Reads: GW199_42_1_28_13_02.reads
16S Sequencing <PROCESS:0000020>	Zhou Lab <ENIGMA:0000090>	100 Well Survey <ENIGMA:0000003>	null	null	null	Community: GW199-42-1-28-13 10 micron filter	Reads: GW199_42_1_28_13_10.reads
16S Sequencing <PROCESS:0000020>	Zhou Lab <ENIGMA:0000090>	100 Well Survey <ENIGMA:0000003>	null	null	null	Community: GW220-50-12-12-12 0.2 micron filter	Reads: GW220_50_12_12_12_02.reads
16S Sequencing <PROCESS:0000020>	Zhou Lab <ENIGMA:0000090>	100 Well Survey <ENIGMA:0000003>	null	null	null	Community: GW220-50-12-12-12 10 micron filter	Reads: GW220_50_12_12_12_10.reads
16S Sequencing <PROCESS:0000020>	Zhou Lab <ENIGMA:0000090>	100 Well Survey <ENIGMA:0000003>	null	null	null	Community: GW223-39-1-8-13 0.2 micron filter	Reads: GW223_39_1_8_13_02.reads
16S Sequencing <PROCESS:0000020>	Zhou Lab <ENIGMA:0000090>	100 Well Survey <ENIGMA:0000003>	null	null	null	Community: GW223-39-1-8-13 10 micron filter	Reads: GW223_39_1_8_13_10.reads
16S Sequencing <PROCESS:0000020>	Zhou Lab <ENIGMA:0000090>	100 Well Survey <ENIGMA:0000003>	null	null	null	Community: GW228-12-2-4-13 0.2 micron filter	Reads: GW228_12_2_4_13_02.reads
16S Sequencing <PROCESS:0000020>	Zhou Lab <ENIGMA:0000090>	100 Well Survey <ENIGMA:0000003>	null	null	null	Community: GW228-12-2-4-13 10 micron filter	Reads: GW228_12_2_4_13_10.reads
16S Sequencing <PROCESS:0000020>	Zhou Lab <ENIGMA:0000090>	100 Well Survey <ENIGMA:0000003>	null	null	null	Community: GW246-1-11-26-12 0.2 micron filter	Reads: GW246_1_11_26_12_02.reads
16S Sequencing <PROCESS:0000020>	Zhou Lab <ENIGMA:0000090>	100 Well Survey <ENIGMA:0000003>	null	null	null	Community: GW246-1-11-26-12 10 micron filter	Reads: GW246_1_11_26_12_10.reads
16S Sequencing <PROCESS:0000020>	Zhou Lab <ENIGMA:0000090>	100 Well Survey <ENIGMA:0000003>	null	null	null	Community: GW246-1-11-26-12 10 micron filter B	Reads: GW246_1_11_26_12_10_b.reads
16S Sequencing <PROCESS:0000020>	Zhou Lab <ENIGMA:0000090>	100 Well Survey <ENIGMA:0000003>	null	null	null	Community: GW247-7-11-14-12 0.2 micron filter	Reads: GW247_7_11_14_12_02.reads
16S Sequencing <PROCESS:0000020>	Zhou Lab <ENIGMA:0000090>	100 Well Survey <ENIGMA:0000003>	null	null	null	Community: GW247-7-11-14-12 10 micron filter	Reads: GW247_7_11_14_12_10.reads
16S Sequencing <PROCESS:0000020>	Zhou Lab <ENIGMA:0000090>	100 Well Survey <ENIGMA:0000003>	null	null	null	Community: GW271-66-2-18-13 0.2 micron filter	Reads: GW271_66_2_18_13_02.reads
16S Sequencing <PROCESS:0000020>	Zhou Lab <ENIGMA:0000090>	100 Well Survey <ENIGMA:0000003>	null	null	null	Community: GW271-66-2-18-13 10 micron filter	Reads: GW271_66_2_18_13_10.reads
16S Sequencing <PROCESS:0000020>	Zhou Lab <ENIGMA:0000090>	100 Well Survey <ENIGMA:0000003>	null	null	null	Community: GW283-43-1-29-13 0.2 micron filter	Reads: GW283_43_1_29_13_02.reads
16S Sequencing <PROCESS:0000020>	Zhou Lab <ENIGMA:0000090>	100 Well Survey <ENIGMA:0000003>	null	null	null	Community: GW283-43-1-29-13 10 micron filter	Reads: GW283_43_1_29_13_10.reads
16S Sequencing <PROCESS:0000020>	Zhou Lab <ENIGMA:0000090>	100 Well Survey <ENIGMA:0000003>	null	null	null	Community: GW314-97-2-19-13 0.2 micron filter	Reads: GW314_97_2_19_13_02.reads
16S Sequencing <PROCESS:0000020>	Zhou Lab <ENIGMA:0000090>	100 Well Survey <ENIGMA:0000003>	null	null	null	Community: GW314-97-2-19-13 10 micron filter	Reads: GW314_97_2_19_13_10.reads
16S Sequencing <PROCESS:0000020>	Zhou Lab <ENIGMA:0000090>	100 Well Survey <ENIGMA:0000003>	null	null	null	Community: GW345-51-11-27-12 0.2 micron filter	Reads: GW345_51_11_27_12_02.reads
16S Sequencing <PROCESS:0000020>	Zhou Lab <ENIGMA:0000090>	100 Well Survey <ENIGMA:0000003>	null	null	null	Community: GW345-51-11-27-12 10 micron filter	Reads: GW345_51_11_27_12_10.reads
16S Sequencing <PROCESS:0000020>	Zhou Lab <ENIGMA:0000090>	100 Well Survey <ENIGMA:0000003>	null	null	null	Community: GW346-47-11-27-12 0.2 micron filter	Reads: GW346_47_11_27_12_02.reads
16S Sequencing <PROCESS:0000020>	Zhou Lab <ENIGMA:0000090>	100 Well Survey <ENIGMA:0000003>	null	null	null	Community: GW346-47-11-27-12 10 micron filter	Reads: GW346_47_11_27_12_10.reads
16S Sequencing <PROCESS:0000020>	Zhou Lab <ENIGMA:0000090>	100 Well Survey <ENIGMA:0000003>	null	null	null	Community: GW350-74-2-12-13 0.2 micron filter	Reads: GW350_74_2_12_13_02.reads
16S Sequencing <PROCESS:0000020>	Zhou Lab <ENIGMA:0000090>	100 Well Survey <ENIGMA:0000003>	null	null	null	Community: GW350-74-2-12-13 10 micron filter	Reads: GW350_74_2_12_13_10.reads
16S Sequencing <PROCESS:0000020>	Zhou Lab <ENIGMA:0000090>	100 Well Survey <ENIGMA:0000003>	null	null	null	Community: GW363-94-1-22-13 0.2 micron filter	Reads: GW363_94_1_22_13_02.reads
16S Sequencing <PROCESS:0000020>	Zhou Lab <ENIGMA:0000090>	100 Well Survey <ENIGMA:0000003>	null	null	null	Community: GW363-94-1-22-13 10 micron filter	Reads: GW363_94_1_22_13_10.reads
16S Sequencing <PROCESS:0000020>	Zhou Lab <ENIGMA:0000090>	100 Well Survey <ENIGMA:0000003>	null	null	null	Community: GW383-12-17-12 0.2 micron filter	Reads: GW383_12_17_12_02.reads
16S Sequencing <PROCESS:0000020>	Zhou Lab <ENIGMA:0000090>	100 Well Survey <ENIGMA:0000003>	null	null	null	Community: GW383-12-17-12 10 micron filter	Reads: GW383_12_17_12_10.reads
16S Sequencing <PROCESS:0000020>	Zhou Lab <ENIGMA:0000090>	100 Well Survey <ENIGMA:0000003>	null	null	null	Community: GW384-12-17-12 0.2 micron filter	Reads: GW384_12_17_12_02.reads
16S Sequencing <PROCESS:0000020>	Zhou Lab <ENIGMA:0000090>	100 Well Survey <ENIGMA:0000003>	null	null	null	Community: GW384-12-17-12 10 micron filter	Reads: GW384_12_17_12_10.reads
16S Sequencing <PROCESS:0000020>	Zhou Lab <ENIGMA:0000090>	100 Well Survey <ENIGMA:0000003>	null	null	null	Community: GW385-80-2-18-13 0.2 micron filter	Reads: GW385_80_2_18_13_02.reads
16S Sequencing <PROCESS:0000020>	Zhou Lab <ENIGMA:0000090>	100 Well Survey <ENIGMA:0000003>	null	null	null	Community: GW385-80-2-18-13 10 micron filter	Reads: GW385_80_2_18_13_10.reads
16S Sequencing <PROCESS:0000020>	Zhou Lab <ENIGMA:0000090>	100 Well Survey <ENIGMA:0000003>	null	null	null	Community: GW526-15-11-27-12 0.2 micron filter	Reads: GW526_15_11_17_12_02.reads
16S Sequencing <PROCESS:0000020>	Zhou Lab <ENIGMA:0000090>	100 Well Survey <ENIGMA:0000003>	null	null	null	Community: GW526-15-11-27-12 10 micron filter	Reads: GW526_15_11_17_12_10.reads
16S Sequencing <PROCESS:0000020>	Zhou Lab <ENIGMA:0000090>	100 Well Survey <ENIGMA:0000003>	null	null	null	Community: GW531-83-11-28-12 0.2 micron filter	Reads: GW531_83_11_28_12_02.reads
16S Sequencing <PROCESS:0000020>	Zhou Lab <ENIGMA:0000090>	100 Well Survey <ENIGMA:0000003>	null	null	null	Community: GW531-83-11-28-12 10 micron filter	Reads: GW531_83_11_28_12_10.reads
16S Sequencing <PROCESS:0000020>	Zhou Lab <ENIGMA:0000090>	100 Well Survey <ENIGMA:0000003>	null	null	null	Community: GW533-48-11-28-12 0.2 micron filter	Reads: GW533_48_11_28_12_02.reads
16S Sequencing <PROCESS:0000020>	Zhou Lab <ENIGMA:0000090>	100 Well Survey <ENIGMA:0000003>	null	null	null	Community: GW533-48-11-28-12 10 micron filter	Reads: GW533_48_11_28_12_10.reads
16S Sequencing <PROCESS:0000020>	Zhou Lab <ENIGMA:0000090>	100 Well Survey <ENIGMA:0000003>	null	null	null	Community: GW537-24-11-26-12 0.2 micron filter	Reads: GW537_24_11_26_12_02.reads
16S Sequencing <PROCESS:0000020>	Zhou Lab <ENIGMA:0000090>	100 Well Survey <ENIGMA:0000003>	null	null	null	Community: GW537-24-11-26-12 10 micron filter	Reads: GW537_24_11_26_12_10.reads
16S Sequencing <PROCESS:0000020>	Zhou Lab <ENIGMA:0000090>	100 Well Survey <ENIGMA:0000003>	null	null	null	Community: GW60-1A-60-2-4-13 0.2 micron filter	Reads: GW60_1A_60_2_4_13_02.reads
16S Sequencing <PROCESS:0000020>	Zhou Lab <ENIGMA:0000090>	100 Well Survey <ENIGMA:0000003>	null	null	null	Community: GW60-1A-60-2-4-13 10 micron filter	Reads: GW60_1A_60_2_4_13_10.reads
16S Sequencing <PROCESS:0000020>	Zhou Lab <ENIGMA:0000090>	100 Well Survey <ENIGMA:0000003>	null	null	null	Community: GW621-21-12-17-12 0.2 micron filter	Reads: GW621_21_12_17_12_02.reads
16S Sequencing <PROCESS:0000020>	Zhou Lab <ENIGMA:0000090>	100 Well Survey <ENIGMA:0000003>	null	null	null	Community: GW621-21-12-17-12 10 micron filter	Reads: GW621_21_12_17_12_10.reads
16S Sequencing <PROCESS:0000020>	Zhou Lab <ENIGMA:0000090>	100 Well Survey <ENIGMA:0000003>	null	null	null	Community: GW631-98-12-11-12 0.2 micron filter	Reads: GW631_98_12_11_12_02.reads
16S Sequencing <PROCESS:0000020>	Zhou Lab <ENIGMA:0000090>	100 Well Survey <ENIGMA:0000003>	null	null	null	Community: GW631-98-12-11-12 10 micron filter	Reads: GW631_98_12_11_12_10.reads
16S Sequencing <PROCESS:0000020>	Zhou Lab <ENIGMA:0000090>	100 Well Survey <ENIGMA:0000003>	null	null	null	Community: GW636-32-1-28-13 0.2 micron filter	Reads: GW636_32_1_28_13_02.reads
16S Sequencing <PROCESS:0000020>	Zhou Lab <ENIGMA:0000090>	100 Well Survey <ENIGMA:0000003>	null	null	null	Community: GW636-32-1-28-13 10 micron filter	Reads: GW636_32_1_28_13_10.reads
16S Sequencing <PROCESS:0000020>	Zhou Lab <ENIGMA:0000090>	100 Well Survey <ENIGMA:0000003>	null	null	null	Community: GW639-90-1-23-13 0.2 micron filter	Reads: GW639_90_1_23_13_02.reads
16S Sequencing <PROCESS:0000020>	Zhou Lab <ENIGMA:0000090>	100 Well Survey <ENIGMA:0000003>	null	null	null	Community: GW639-90-1-23-13 10 micron filter	Reads: GW639_90_1_23_13_10.reads
16S Sequencing <PROCESS:0000020>	Zhou Lab <ENIGMA:0000090>	100 Well Survey <ENIGMA:0000003>	null	null	null	Community: GW641-30-1-23-13 0.2 micron filter	Reads: GW641_30_1_23_13_02.reads
16S Sequencing <PROCESS:0000020>	Zhou Lab <ENIGMA:0000090>	100 Well Survey <ENIGMA:0000003>	null	null	null	Community: GW641-30-1-23-13 10 micron filter	Reads: GW641_30_1_23_13_10.reads
16S Sequencing <PROCESS:0000020>	Zhou Lab <ENIGMA:0000090>	100 Well Survey <ENIGMA:0000003>	null	null	null	Community: GW654-0-1-7-13 0.2 micron filter	Reads: GW654_0_1_7_13_02.reads
16S Sequencing <PROCESS:0000020>	Zhou Lab <ENIGMA:0000090>	100 Well Survey <ENIGMA:0000003>	null	null	null	Community: GW654-0-1-7-13 10 micron filter	Reads: GW654_0_1_7_13_10.reads
16S Sequencing <PROCESS:0000020>	Zhou Lab <ENIGMA:0000090>	100 Well Survey <ENIGMA:0000003>	null	null	null	Community: GW658-63-1-23-13 0.2 micron filter	Reads: GW658_63_1_23_13_02.reads
16S Sequencing <PROCESS:0000020>	Zhou Lab <ENIGMA:0000090>	100 Well Survey <ENIGMA:0000003>	null	null	null	Community: GW658-63-1-23-13 10 micron filter	Reads: GW658_63_1_23_13_10.reads
16S Sequencing <PROCESS:0000020>	Zhou Lab <ENIGMA:0000090>	100 Well Survey <ENIGMA:0000003>	null	null	null	Community: GW683-53-2-18-13 0.2 micron filter	Reads: GW683_53_2_18_13_02.reads
16S Sequencing <PROCESS:0000020>	Zhou Lab <ENIGMA:0000090>	100 Well Survey <ENIGMA:0000003>	null	null	null	Community: GW683-53-2-18-13 10 micron filter	Reads: GW683_53_2_18_13_10.reads
16S Sequencing <PROCESS:0000020>	Zhou Lab <ENIGMA:0000090>	100 Well Survey <ENIGMA:0000003>	null	null	null	Community: GW685-6-1-8-13 0.2 micron filter	Reads: GW685_6_1_8_13_02.reads
16S Sequencing <PROCESS:0000020>	Zhou Lab <ENIGMA:0000090>	100 Well Survey <ENIGMA:0000003>	null	null	null	Community: GW685-6-1-8-13 10 micron filter	Reads: GW685_6_1_8_13_10.reads
16S Sequencing <PROCESS:0000020>	Zhou Lab <ENIGMA:0000090>	100 Well Survey <ENIGMA:0000003>	null	null	null	Community: GW694-33-12-3-12 0.2 micron filter	Reads: GW694_33_12_3_12_02.reads
16S Sequencing <PROCESS:0000020>	Zhou Lab <ENIGMA:0000090>	100 Well Survey <ENIGMA:0000003>	null	null	null	Community: GW694-33-12-3-12 10 micron filter	Reads: GW694_33_12_3_12_10.reads
16S Sequencing <PROCESS:0000020>	Zhou Lab <ENIGMA:0000090>	100 Well Survey <ENIGMA:0000003>	null	null	null	Community: GW704-5-12-17-12 0.2 micron filter	Reads: GW704_5_12_17_12_02.reads
16S Sequencing <PROCESS:0000020>	Zhou Lab <ENIGMA:0000090>	100 Well Survey <ENIGMA:0000003>	null	null	null	Community: GW704-5-12-17-12 10 micron filter	Reads: GW704_5_12_17_12_10.reads
16S Sequencing <PROCESS:0000020>	Zhou Lab <ENIGMA:0000090>	100 Well Survey <ENIGMA:0000003>	null	null	null	Community: GW705-9-2-21-13 0.2 micron filter	Reads: GW705_9_2_21_13_02.reads
16S Sequencing <PROCESS:0000020>	Zhou Lab <ENIGMA:0000090>	100 Well Survey <ENIGMA:0000003>	null	null	null	Community: GW705-9-2-21-13 10 micron filter	Reads: GW705_9_2_21_13_10.reads
16S Sequencing <PROCESS:0000020>	Zhou Lab <ENIGMA:0000090>	100 Well Survey <ENIGMA:0000003>	null	null	null	Community: GW706-96-12-17-12 0.2 micron filter	Reads: GW706_96_12_17_12_02.reads
16S Sequencing <PROCESS:0000020>	Zhou Lab <ENIGMA:0000090>	100 Well Survey <ENIGMA:0000003>	null	null	null	Community: GW706-96-12-17-12 10 micron filter	Reads: GW706_96_12_17_12_10.reads
16S Sequencing <PROCESS:0000020>	Zhou Lab <ENIGMA:0000090>	100 Well Survey <ENIGMA:0000003>	null	null	null	Community: GW714-34-2-12-13 0.2 micron filter	Reads: GW714_34_2_12_13_02.reads
16S Sequencing <PROCESS:0000020>	Zhou Lab <ENIGMA:0000090>	100 Well Survey <ENIGMA:0000003>	null	null	null	Community: GW714-34-2-12-13 10 micron filter	Reads: GW714_34_2_12_13_10.reads
16S Sequencing <PROCESS:0000020>	Zhou Lab <ENIGMA:0000090>	100 Well Survey <ENIGMA:0000003>	null	null	null	Community: GW715-65-2-12-13 0.2 micron filter	Reads: GW715_65_2_12_13_02.reads
16S Sequencing <PROCESS:0000020>	Zhou Lab <ENIGMA:0000090>	100 Well Survey <ENIGMA:0000003>	null	null	null	Community: GW715-65-2-12-13 10 micron filter	Reads: GW715_65_2_12_13_10.reads
16S Sequencing <PROCESS:0000020>	Zhou Lab <ENIGMA:0000090>	100 Well Survey <ENIGMA:0000003>	null	null	null	Community: GW736-14-12-3-12 0.2 micron filter	Reads: GW736_14_12_3_12_02.reads
16S Sequencing <PROCESS:0000020>	Zhou Lab <ENIGMA:0000090>	100 Well Survey <ENIGMA:0000003>	null	null	null	Community: GW736-14-12-3-12 10 micron filter	Reads: GW736_14_12_3_12_10.reads
16S Sequencing <PROCESS:0000020>	Zhou Lab <ENIGMA:0000090>	100 Well Survey <ENIGMA:0000003>	null	null	null	Community: GW737-12-12-12 0.2 micron filter	Reads: GW737_12_12_12_02.reads
16S Sequencing <PROCESS:0000020>	Zhou Lab <ENIGMA:0000090>	100 Well Survey <ENIGMA:0000003>	null	null	null	Community: GW737-12-12-12 10 micron filter	Reads: GW737_12_12_12_10.reads
16S Sequencing <PROCESS:0000020>	Zhou Lab <ENIGMA:0000090>	100 Well Survey <ENIGMA:0000003>	null	null	null	Community: GW750-28-12-12-12 0.2 micron filter	Reads: GW750_28_12_12_12_02.reads
16S Sequencing <PROCESS:0000020>	Zhou Lab <ENIGMA:0000090>	100 Well Survey <ENIGMA:0000003>	null	null	null	Community: GW750-28-12-12-12 10 micron filter	Reads: GW750_28_12_12_12_10.reads
16S Sequencing <PROCESS:0000020>	Zhou Lab <ENIGMA:0000090>	100 Well Survey <ENIGMA:0000003>	null	null	null	Community: GW753-79-1-7-13 0.2 micron filter	Reads: GW753_79_1_7_13_02.reads
16S Sequencing <PROCESS:0000020>	Zhou Lab <ENIGMA:0000090>	100 Well Survey <ENIGMA:0000003>	null	null	null	Community: GW753-79-1-7-13 10 micron filter	Reads: GW753_79_1_7_13_10.reads
16S Sequencing <PROCESS:0000020>	Zhou Lab <ENIGMA:0000090>	100 Well Survey <ENIGMA:0000003>	null	null	null	Community: GW754-40-1-7-13 0.2 micron filter	Reads: GW754_40_1_7_13_02.reads
16S Sequencing <PROCESS:0000020>	Zhou Lab <ENIGMA:0000090>	100 Well Survey <ENIGMA:0000003>	null	null	null	Community: GW754-40-1-7-13 10 micron filter	Reads: GW754_40_1_7_13_10.reads
16S Sequencing <PROCESS:0000020>	Zhou Lab <ENIGMA:0000090>	100 Well Survey <ENIGMA:0000003>	null	null	null	Community: GW755-69-1-8-13 0.2 micron filter	Reads: GW755_69_1_8_13_02.reads
16S Sequencing <PROCESS:0000020>	Zhou Lab <ENIGMA:0000090>	100 Well Survey <ENIGMA:0000003>	null	null	null	Community: GW755-69-1-8-13 10 micron filter	Reads: GW755_69_1_8_13_10.reads
16S Sequencing <PROCESS:0000020>	Zhou Lab <ENIGMA:0000090>	100 Well Survey <ENIGMA:0000003>	null	null	null	Community: GW760-18-1-29-13 10 micron filter	Reads: GW760_18_1_29_13_10.reads
16S Sequencing <PROCESS:0000020>	Zhou Lab <ENIGMA:0000090>	100 Well Survey <ENIGMA:0000003>	null	null	null	Community: GW761-29-1-28-13 0.2 micron filter	Reads: GW761_29_1_28_13_02.reads
16S Sequencing <PROCESS:0000020>	Zhou Lab <ENIGMA:0000090>	100 Well Survey <ENIGMA:0000003>	null	null	null	Community: GW761-29-1-28-13 10 micron filter	Reads: GW761_29_1_28_13_10.reads
16S Sequencing <PROCESS:0000020>	Zhou Lab <ENIGMA:0000090>	100 Well Survey <ENIGMA:0000003>	null	null	null	Community: GW763-23-1-22-13 0.2 micron filter	Reads: GW763_23_1_22_13_02.reads
16S Sequencing <PROCESS:0000020>	Zhou Lab <ENIGMA:0000090>	100 Well Survey <ENIGMA:0000003>	null	null	null	Community: GW763-23-1-22-13 10 micron filter	Reads: GW763_23_1_22_13_10.reads
16S Sequencing <PROCESS:0000020>	Zhou Lab <ENIGMA:0000090>	100 Well Survey <ENIGMA:0000003>	null	null	null	Community: GW764-23-1-11-13 0.2 micron filter	Reads: GW764_23_1_11_13_02.reads
16S Sequencing <PROCESS:0000020>	Zhou Lab <ENIGMA:0000090>	100 Well Survey <ENIGMA:0000003>	null	null	null	Community: GW764-23-1-11-13 10 micron filter	Reads: GW764_23_1_11_13_10.reads
16S Sequencing <PROCESS:0000020>	Zhou Lab <ENIGMA:0000090>	100 Well Survey <ENIGMA:0000003>	null	null	null	Community: GW765-77-1-11-13 0.2 micron filter	Reads: GW765_77_1_11_13_02.reads
16S Sequencing <PROCESS:0000020>	Zhou Lab <ENIGMA:0000090>	100 Well Survey <ENIGMA:0000003>	null	null	null	Community: GW765-77-1-11-13 10 micron filter	Reads: GW765_77_1_11_13_10.reads
16S Sequencing <PROCESS:0000020>	Zhou Lab <ENIGMA:0000090>	100 Well Survey <ENIGMA:0000003>	null	null	null	Community: GW773-35-2-4-13 0.2 micron filter	Reads: GW773_35_2_4_13_02.reads
16S Sequencing <PROCESS:0000020>	Zhou Lab <ENIGMA:0000090>	100 Well Survey <ENIGMA:0000003>	null	null	null	Community: GW773-35-2-4-13 10 micron filter	Reads: GW773_35_2_4_13_10.reads
16S Sequencing <PROCESS:0000020>	Zhou Lab <ENIGMA:0000090>	100 Well Survey <ENIGMA:0000003>	null	null	null	Community: GW775-88-1-29-13 0.2 micron filter	Reads: GW775_88_1_29_13_02.reads
16S Sequencing <PROCESS:0000020>	Zhou Lab <ENIGMA:0000090>	100 Well Survey <ENIGMA:0000003>	null	null	null	Community: GW775-88-1-29-13 10 micron filter	Reads: GW775_88_1_29_13_10.reads
16S Sequencing <PROCESS:0000020>	Zhou Lab <ENIGMA:0000090>	100 Well Survey <ENIGMA:0000003>	null	null	null	Community: GW779-8-2-18-13 0.2 micron filter	Reads: GW779_8_2_18_13_02.reads
16S Sequencing <PROCESS:0000020>	Zhou Lab <ENIGMA:0000090>	100 Well Survey <ENIGMA:0000003>	null	null	null	Community: GW779-8-2-18-13 10 micron filter	Reads: GW779_8_2_18_13_10.reads
16S Sequencing <PROCESS:0000020>	Zhou Lab <ENIGMA:0000090>	100 Well Survey <ENIGMA:0000003>	null	null	null	Community: GW782-72-2-18-13 0.2 micron filter	Reads: GW782_72_2_18_13_02.reads
16S Sequencing <PROCESS:0000020>	Zhou Lab <ENIGMA:0000090>	100 Well Survey <ENIGMA:0000003>	null	null	null	Community: GW782-72-2-18-13 10 micron filter	Reads: GW782_72_2_18_13_10.reads
16S Sequencing <PROCESS:0000020>	Zhou Lab <ENIGMA:0000090>	100 Well Survey <ENIGMA:0000003>	null	null	null	Community: GW800-12-12-12 0.2 micron filter	Reads: GW800_12_12_12_02.reads
16S Sequencing <PROCESS:0000020>	Zhou Lab <ENIGMA:0000090>	100 Well Survey <ENIGMA:0000003>	null	null	null	Community: GW800-12-12-12 10 micron filter	Reads: GW800_12_12_12_10.reads
16S Sequencing <PROCESS:0000020>	Zhou Lab <ENIGMA:0000090>	100 Well Survey <ENIGMA:0000003>	null	null	null	Community: GW803-31-1-23-13 0.2 micron filter	Reads: GW803_31_1_23_13_02.reads
16S Sequencing <PROCESS:0000020>	Zhou Lab <ENIGMA:0000090>	100 Well Survey <ENIGMA:0000003>	null	null	null	Community: GW803-31-1-23-13 10 micron filter	Reads: GW803_31_1_23_13_10.reads
16S Sequencing <PROCESS:0000020>	Zhou Lab <ENIGMA:0000090>	100 Well Survey <ENIGMA:0000003>	null	null	null	Community: GW804-13-2-11-13 0.2 micron filter	Reads: GW804_13_2_11_13_02.reads
16S Sequencing <PROCESS:0000020>	Zhou Lab <ENIGMA:0000090>	100 Well Survey <ENIGMA:0000003>	null	null	null	Community: GW804-13-2-11-13 10 micron filter	Reads: GW804_13_2_11_13_10.reads
16S Sequencing <PROCESS:0000020>	Zhou Lab <ENIGMA:0000090>	100 Well Survey <ENIGMA:0000003>	null	null	null	Community: GW921-86-1-28-13 0.2 micron filter	Reads: GW921_86_1_28_13_02.reads
16S Sequencing <PROCESS:0000020>	Zhou Lab <ENIGMA:0000090>	100 Well Survey <ENIGMA:0000003>	null	null	null	Community: GW921-86-1-28-13 10 micron filter	Reads: GW921_86_1_28_13_10.reads
16S Sequencing <PROCESS:0000020>	Zhou Lab <ENIGMA:0000090>	100 Well Survey <ENIGMA:0000003>	null	null	null	Community: GW925-68-1-28-13 0.2 micron filter	Reads: GW925_68_1_28_13_02.reads
16S Sequencing <PROCESS:0000020>	Zhou Lab <ENIGMA:0000090>	100 Well Survey <ENIGMA:0000003>	null	null	null	Community: GW925-68-1-28-13 10 micron filter	Reads: GW925_68_1_28_13_10.reads
16S Sequencing <PROCESS:0000020>	Zhou Lab <ENIGMA:0000090>	100 Well Survey <ENIGMA:0000003>	null	null	null	Community: GW928-54-2-11-13 0.2 micron filter	Reads: GW928_54_2_11_13_02.reads
16S Sequencing <PROCESS:0000020>	Zhou Lab <ENIGMA:0000090>	100 Well Survey <ENIGMA:0000003>	null	null	null	Community: GW928-54-2-11-13 10 micron filter	Reads: GW928_54_2_11_13_10.reads
16S Sequencing <PROCESS:0000020>	Zhou Lab <ENIGMA:0000090>	100 Well Survey <ENIGMA:0000003>	null	null	null	Community: GW929-2-11-13 0.2 micron filter	Reads: GW929_2_11_13_02.reads
16S Sequencing <PROCESS:0000020>	Zhou Lab <ENIGMA:0000090>	100 Well Survey <ENIGMA:0000003>	null	null	null	Community: GW929-2-11-13 10 micron filter	Reads: GW929_2_11_13_10.reads
16S Sequencing <PROCESS:0000020>	Zhou Lab <ENIGMA:0000090>	100 Well Survey <ENIGMA:0000003>	null	null	null	Community: PTMW02-4-12-11-12 0.2 micron filter	Reads: PTMW02_4_12_11_12_02.reads
16S Sequencing <PROCESS:0000020>	Zhou Lab <ENIGMA:0000090>	100 Well Survey <ENIGMA:0000003>	null	null	null	Community: PTMW02-4-12-11-12 10 micron filter	Reads: PTMW02_4_12_11_12_10.reads
16S Sequencing <PROCESS:0000020>	Zhou Lab <ENIGMA:0000090>	100 Well Survey <ENIGMA:0000003>	null	null	null	Community: TPB16-7-26-12 0.2 micron filter	Reads: TPB16_7_26_12_02.reads
16S Sequencing <PROCESS:0000020>	Zhou Lab <ENIGMA:0000090>	100 Well Survey <ENIGMA:0000003>	null	null	null	Community: TPB16-7-26-12 10 micron filter	Reads: TPB16_7_26_12_3.reads
16S Sequencing <PROCESS:0000020>	Zhou Lab <ENIGMA:0000090>	100 Well Survey <ENIGMA:0000003>	null	null	null	Community: TPB16-81-11-28-12 0.2 micron filter	Reads: TPB16_81_11_28_12_02.reads
16S Sequencing <PROCESS:0000020>	Zhou Lab <ENIGMA:0000090>	100 Well Survey <ENIGMA:0000003>	null	null	null	Community: TPB16-81-11-28-12 10 micron filter	Reads: TPB16_81_11_28_12_10.reads
