name	ncbi_taxid
Bacteria	NCBITaxon:2
Proteobacteria	NCBITaxon:1224
Gammaproteobacteria	NCBITaxon:1236
Pseudomonadales	NCBITaxon:72274
Pseudomonadaceae	NCBITaxon:135621
Pseudomonas	NCBITaxon:286
Bacteroidetes	NCBITaxon:976
Sphingobacteria	null
Sphingobacteriales	NCBITaxon:200666
Sphingobacteriaceae	NCBITaxon:84566
Mucilaginibacter	NCBITaxon:423349
Actinobacteria	null
Actinomycetales	NCBITaxon:2037
Nocardioidaceae	NCBITaxon:85015
Nocardioides	NCBITaxon:1839
Acidobacteria	NCBITaxon:57723
Holophagae	NCBITaxon:533205
Holophagales	NCBITaxon:574975
Holophagaceae	NCBITaxon:574976
Holophaga	NCBITaxon:35838
Verrucomicrobia	NCBITaxon:74201
Subdivision3	null
Subdivision3_genera_incertae_sedis	null
Micrococcaceae	NCBITaxon:1268
Kocuria	NCBITaxon:57493
Chitinophagaceae	NCBITaxon:563835
Alphaproteobacteria	NCBITaxon:28211
Sphingomonadales	NCBITaxon:204457
Sphingomonadaceae	NCBITaxon:41297
Sphingomonas	NCBITaxon:13687
Acidobacteria_Gp1	null
Xanthomonadales	NCBITaxon:135614
Xanthomonadaceae	NCBITaxon:32033
Armatimonadetes	NCBITaxon:67819
Armatimonadetes_gp5	null
Gemmatimonadetes	null
Gemmatimonadales	NCBITaxon:219686
Gemmatimonadaceae	NCBITaxon:219687
Gemmatimonas	NCBITaxon:173479
Bacteroidia	NCBITaxon:200643
Bacteroidales	NCBITaxon:171549
Prevotellaceae	NCBITaxon:171552
Prevotella	NCBITaxon:838
Betaproteobacteria	NCBITaxon:28216
Rhizobiales	NCBITaxon:356
Nocardiaceae	NCBITaxon:85025
Rhodococcus	null
Opitutae	NCBITaxon:414999
Opitutales	NCBITaxon:415000
Opitutaceae	NCBITaxon:134623
Chloroflexi	NCBITaxon:200795
Anaerolineae	NCBITaxon:292625
Anaerolineales	NCBITaxon:292629
Anaerolineaceae	NCBITaxon:292628
Deltaproteobacteria	NCBITaxon:28221
Myxococcales	NCBITaxon:29
Polyangiaceae	NCBITaxon:49
Williamsia	NCBITaxon:85043
Chlorobi	NCBITaxon:1090
Ignavibacteria	NCBITaxon:795747
Ignavibacteriales	NCBITaxon:795748
Ignavibacteriaceae	NCBITaxon:795749
Ignavibacterium	NCBITaxon:795750
Corynebacteriaceae	NCBITaxon:1653
Corynebacterium	NCBITaxon:1716
Caulobacterales	NCBITaxon:204458
Caulobacteraceae	NCBITaxon:76892
Phenylobacterium	NCBITaxon:20
Bdellovibrionales	NCBITaxon:213481
Bacteriovoracaceae	NCBITaxon:263369
Legionellales	NCBITaxon:118969
Legionellaceae	NCBITaxon:444
Legionella	NCBITaxon:445
Planctomycetes	NCBITaxon:203682
Planctomycetacia	null
Planctomycetales	NCBITaxon:112
Planctomycetaceae	NCBITaxon:126
Moraxellaceae	NCBITaxon:468
Acinetobacter	NCBITaxon:469
Planctomyces	NCBITaxon:118
Burkholderiales	NCBITaxon:80840
Solirubrobacterales	NCBITaxon:588673
Solirubrobacteraceae	NCBITaxon:320599
Solirubrobacter	NCBITaxon:207599
Segetibacter	NCBITaxon:460073
Firmicutes	NCBITaxon:1239
Lysobacter	NCBITaxon:68
Comamonadaceae	NCBITaxon:80864
Pelomonas	NCBITaxon:335058
Oceanospirillales	NCBITaxon:135619
Halomonadaceae	NCBITaxon:28256
Halomonas	NCBITaxon:2745
Ferruginibacter	NCBITaxon:1004303
Acidobacteria_Gp3	null
Gp3	null
Acidimicrobiales	NCBITaxon:84993
Acidimicrobiaceae	NCBITaxon:84994
Ilumatobacter	NCBITaxon:682522
Bacilli	NCBITaxon:91061
Bacillales	NCBITaxon:1385
Listeriaceae	NCBITaxon:186820
Brochothrix	NCBITaxon:2755
Rothia	null
Patulibacteraceae	NCBITaxon:361606
Patulibacter	NCBITaxon:361607
WS3	null
WS3_genera_incertae_sedis	null
Rhodospirillales	NCBITaxon:204441
Rhodospirillaceae	NCBITaxon:41295
Azospirillum	NCBITaxon:191
Neisseriales	NCBITaxon:206351
Neisseriaceae	NCBITaxon:481
Neisseria	NCBITaxon:482
Bellilinea	NCBITaxon:475960
Flavobacteria	null
Flavobacteriales	NCBITaxon:200644
Flavobacteriaceae	NCBITaxon:49546
Flavobacterium	NCBITaxon:237
Cryomorphaceae	NCBITaxon:246874
Crocinitomix	NCBITaxon:246873
Armatimonadetes_gp2	null
Chthonomonadetes	NCBITaxon:1077257
Chthonomonadales	NCBITaxon:1077263
Chthonomonadaceae	NCBITaxon:1077264
Chthonomonas/Armatimonadetes_gp3	null
Acidimicrobineae_incertae_sedis	null
Aciditerrimonas	NCBITaxon:1042325
Beijerinckiaceae	NCBITaxon:45404
Beijerinckia	NCBITaxon:532
Nannocystaceae	NCBITaxon:224463
Acetobacteraceae	NCBITaxon:433
Roseomonas	NCBITaxon:125216
Nitrospira	null
Nitrospirales	NCBITaxon:189778
Nitrospiraceae	NCBITaxon:189779
Comamonas	NCBITaxon:283
Phyllobacteriaceae	NCBITaxon:69277
Phyllobacterium	NCBITaxon:28100
Epsilonproteobacteria	NCBITaxon:29547
Campylobacterales	NCBITaxon:213849
Verrucomicrobiae	NCBITaxon:203494
Verrucomicrobiales	NCBITaxon:48461
Verrucomicrobiaceae	NCBITaxon:203557
Erythrobacteraceae	NCBITaxon:335929
Deinococcus-Thermus	NCBITaxon:1297
Deinococci	NCBITaxon:188787
Thermales	NCBITaxon:68933
Thermaceae	NCBITaxon:188786
Meiothermus	NCBITaxon:65551
Luteolibacter	NCBITaxon:518753
Sediminibacterium	NCBITaxon:504481
Micromonosporaceae	NCBITaxon:28056
Acidobacteria_Gp4	null
Gp4	null
Fluviicola	NCBITaxon:332102
Oxalobacteraceae	NCBITaxon:75682
Massilia	NCBITaxon:149698
Lactobacillales	NCBITaxon:186826
Streptococcaceae	NCBITaxon:1300
Streptococcus	NCBITaxon:1301
Clostridia	NCBITaxon:186801
Clostridiales	NCBITaxon:186802
Clostridiales_Incertae Sedis XI	null
Anaerococcus	NCBITaxon:165779
Alphaproteobacteria_incertae_sedis	null
Rhizomicrobium	NCBITaxon:1241326
Syntrophobacterales	NCBITaxon:213462
Syntrophobacteraceae	NCBITaxon:213465
Syntrophobacter	NCBITaxon:29526
Streptomycetaceae	NCBITaxon:2062
Kitasatospora	NCBITaxon:2063
Desulfuromonadales	NCBITaxon:69541
Geobacteraceae	NCBITaxon:213422
Geobacter	NCBITaxon:28231
Sphingobium	NCBITaxon:165695
Rhodocyclales	NCBITaxon:206389
Rhodocyclaceae	NCBITaxon:75787
Azoarcus	NCBITaxon:12960
Chryseobacterium	NCBITaxon:59732
Cytophagaceae	NCBITaxon:89373
Hymenobacter	NCBITaxon:89966
Syntrophomonadaceae	NCBITaxon:68298
Rhodobiaceae	NCBITaxon:119043
Parvibaculum	NCBITaxon:256616
Acidobacteria_Gp6	null
Gp6	null
Sinobacteraceae	NCBITaxon:568386
Nevskia	NCBITaxon:64001
Clostridiaceae 1	null
Clostridium sensu stricto	null
Geodermatophilaceae	NCBITaxon:85030
Fusobacteria	NCBITaxon:32066
Fusobacteriales	NCBITaxon:203491
Leptotrichiaceae	NCBITaxon:1129771
Leptotrichia	NCBITaxon:32067
Alteromonadales	NCBITaxon:135622
Alteromonadaceae	NCBITaxon:72275
Haliea	NCBITaxon:475794
Desulfovibrionales	NCBITaxon:213115
Desulfovibrionaceae	NCBITaxon:194924
Desulfovibrio	NCBITaxon:872
Microbacteriaceae	NCBITaxon:85023
Chondromyces	NCBITaxon:50
Spirosoma	NCBITaxon:107
Sphingopyxis	NCBITaxon:165697
Peptococcaceae 2	null
Desulfotomaculum	NCBITaxon:1562
Pseudonocardiaceae	NCBITaxon:2070
Pedobacter	NCBITaxon:84567
Gordonia	null
Pseudoxanthomonas	NCBITaxon:83618
Spartobacteria	NCBITaxon:134549
Spartobacteria_genera_incertae_sedis	null
Methylocella	NCBITaxon:120652
Caulobacter	NCBITaxon:75
Ruminococcaceae	NCBITaxon:541000
Agromyces	NCBITaxon:33877
Cloacibacterium	NCBITaxon:501783
Bdellovibrionaceae	NCBITaxon:213483
Vampirovibrio	NCBITaxon:213484
Hyphomicrobiaceae	NCBITaxon:45401
Hyphomicrobium	NCBITaxon:81
Coxiellaceae	NCBITaxon:118968
Aquicella	NCBITaxon:254245
Nitrosomonadales	NCBITaxon:32003
Nitrosomonadaceae	NCBITaxon:206379
Peptococcaceae 1	null
Desulfitobacterium	NCBITaxon:36853
Bacteriovorax	NCBITaxon:146784
Alcaligenaceae	NCBITaxon:506
Singulisphaera	NCBITaxon:466152
Conexibacteraceae	NCBITaxon:320583
Conexibacter	NCBITaxon:191494
Kineosporiaceae	NCBITaxon:83778
Kineosporia	NCBITaxon:49184
Duganella	NCBITaxon:75654
Methylobacteriaceae	NCBITaxon:119045
Methylobacterium	NCBITaxon:407
Dyadobacter	NCBITaxon:120831
Mycobacteriaceae	NCBITaxon:1762
Mycobacterium	NCBITaxon:1763
Granulicella	NCBITaxon:940557
Flavitalea	NCBITaxon:1210116
Paenibacillaceae 1	null
Paenibacillus	NCBITaxon:44249
Aerococcaceae	NCBITaxon:186827
Abiotrophia	NCBITaxon:46123
OD1	null
OD1_genera_incertae_sedis	null
Enterococcaceae	NCBITaxon:81852
Vagococcus	NCBITaxon:2737
Desulfuromonadaceae	NCBITaxon:213421
Pelobacter	NCBITaxon:18
Aeromicrobium	NCBITaxon:2040
Adhaeribacter	NCBITaxon:299566
Armatimonadetes_gp4	null
Sphingobacterium	NCBITaxon:28453
Flavisolibacter	NCBITaxon:398041
Brevibacillus	NCBITaxon:55080
Arenimonas	NCBITaxon:490567
Staphylococcaceae	NCBITaxon:90964
Staphylococcus	NCBITaxon:1279
Steroidobacter	NCBITaxon:469322
Bacillales_Incertae Sedis XI	null
Gemella	NCBITaxon:1378
Hydrogenophilales	NCBITaxon:119069
Hydrogenophilaceae	NCBITaxon:206349
Thiobacillus	NCBITaxon:919
Variovorax	NCBITaxon:34072
Dechloromonas	NCBITaxon:73029
Bacillaceae 1	null
Bacillus	null
Enterobacteriales	NCBITaxon:91347
Enterobacteriaceae	NCBITaxon:543
Brevundimonas	NCBITaxon:41275
Arthrobacter	NCBITaxon:1663
Streptomyces	NCBITaxon:1883
Stenotrophomonas	NCBITaxon:40323
Intrasporangiaceae	NCBITaxon:85021
Janibacter	NCBITaxon:53457
Burkholderiaceae	NCBITaxon:119060
Burkholderia	NCBITaxon:32008
Desulfobacterales	NCBITaxon:213118
Desulfobacteraceae	NCBITaxon:213119
Bdellovibrio	NCBITaxon:958
Cytophaga	NCBITaxon:978
Zavarzinella	NCBITaxon:600332
Opitutus	NCBITaxon:178440
Alicyclobacillaceae	NCBITaxon:186823
Tumebacillus	NCBITaxon:432330
Alkanindiges	NCBITaxon:222991
Peptoniphilus	NCBITaxon:162289
Propionibacteriaceae	NCBITaxon:31957
Propionibacterium	NCBITaxon:1743
Negativicutes	NCBITaxon:909932
Selenomonadales	NCBITaxon:909929
Veillonellaceae	NCBITaxon:31977
Cohnella	NCBITaxon:329857
Acidobacteria_Gp13	null
Gp13	null
Desulfobacula	NCBITaxon:28222
Acidobacteria_Gp17	null
Gp17	null
Acidobacteria_Gp2	null
Gp2	null
Bradyrhizobiaceae	NCBITaxon:41294
Bradyrhizobium	NCBITaxon:374
Bacteroidetes_incertae_sedis	null
Ohtaekwangia	NCBITaxon:1210119
Ralstonia	NCBITaxon:48736
Coriobacteriales	NCBITaxon:84999
Coriobacteriaceae	NCBITaxon:84107
Olsenella	NCBITaxon:133925
Desulfatiferula	NCBITaxon:396320
Rhizobiaceae	NCBITaxon:82115
Rhizobium	NCBITaxon:379
Acidobacteria_Gp10	null
Gp10	null
Gp1	null
Rhodobacterales	NCBITaxon:204455
Rhodobacteraceae	NCBITaxon:31989
Acidobacteria_Gp7	null
Gp7	null
Actinomycetaceae	NCBITaxon:2049
Actinomyces	NCBITaxon:1654
Pantoea	NCBITaxon:53335
Escherichia/Shigella	null
Desulfobulbaceae	NCBITaxon:213121
Ensifer	NCBITaxon:106591
Modestobacter	NCBITaxon:88138
Lachnospiraceae	NCBITaxon:186803
Rubrobacterales	NCBITaxon:84996
Rubrobacteraceae	NCBITaxon:84997
Rubrobacter	NCBITaxon:42255
Lactobacillaceae	NCBITaxon:33958
Lactobacillus	NCBITaxon:1578
Carnobacteriaceae	NCBITaxon:186828
Atopostipes	NCBITaxon:292480
Dorea	NCBITaxon:189330
Acidobacteria_Gp18	null
Gp18	null
Hydrocarboniphaga	NCBITaxon:243627
Thermomonosporaceae	NCBITaxon:2012
Syntrophaceae	NCBITaxon:213468
Desulfuromonas	NCBITaxon:890
Acidobacteria_Gp15	null
Gp15	null
Pseudonocardia	NCBITaxon:1847
Caldilineae	NCBITaxon:475962
Caldilineales	NCBITaxon:475963
Caldilineaceae	NCBITaxon:475964
Caldilinea	NCBITaxon:233191
Inquilinus	NCBITaxon:171673
Aurantimonadaceae	NCBITaxon:255475
Aurantimonas	NCBITaxon:182269
Anaerolinea	NCBITaxon:233189
Streptosporangiaceae	NCBITaxon:2004
Clostridium III	null
Methylococcales	NCBITaxon:135618
Methylococcaceae	NCBITaxon:403
Armatimonadia	NCBITaxon:1042312
Armatimonadales	NCBITaxon:1042313
Armatimonadaceae	NCBITaxon:1042314
Armatimonas/Armatimonadetes_gp1	null
Cystobacteraceae	NCBITaxon:39
TM7	null
TM7_genera_incertae_sedis	null
Acidobacteria_Gp16	null
Gp16	null
Leptolinea	NCBITaxon:475966
Methylomonas	NCBITaxon:416
Rhodoblastus	NCBITaxon:168658
Alicyclobacillus	NCBITaxon:29330
Devosia	NCBITaxon:46913
Xanthobacteraceae	NCBITaxon:335928
Acidovorax	NCBITaxon:12916
Dokdonella	NCBITaxon:323413
Emticicia	NCBITaxon:312278
Castellaniella	NCBITaxon:359336
Skermanella	NCBITaxon:204447
Pseudolabrys	NCBITaxon:556257
Chitinophaga	NCBITaxon:79328
Thermodesulfobacteria	null
Thermodesulfobacteriales	NCBITaxon:188710
Thermodesulfobacteriaceae	NCBITaxon:188711
Thermodesulfobacterium	NCBITaxon:1740
Novosphingobium	NCBITaxon:165696
Thiotrichales	NCBITaxon:72273
Thiotrichales_incertae_sedis	null
Caedibacter	NCBITaxon:28905
Campylobacteraceae	NCBITaxon:72294
Arcobacter	NCBITaxon:28196
Nitriliruptorales	NCBITaxon:596497
Nitriliruptoraceae	NCBITaxon:596498
Nitriliruptor	NCBITaxon:596499
Desulfobacterium	NCBITaxon:2295
Chitinimonas	NCBITaxon:240411
Flammeovirgaceae	NCBITaxon:200667
Deinococcales	NCBITaxon:118964
Deinococcaceae	NCBITaxon:183710
Deinococcus	NCBITaxon:1298
Prosthecobacter	NCBITaxon:48463
Cellvibrio	NCBITaxon:10
Roseococcus	NCBITaxon:35812
Pasteuriaceae	NCBITaxon:538998
Pasteuria	NCBITaxon:86004
Acidisoma	NCBITaxon:512381
Acidobacteria_Gp5	null
Gp5	null
Brucellaceae	NCBITaxon:118882
Phycicoccus	NCBITaxon:367298
Terrimonas	NCBITaxon:296051
Gammaproteobacteria_incertae_sedis	null
Thioprofundum	NCBITaxon:665868
Byssovorax	NCBITaxon:224459
Desulfobulbus	NCBITaxon:893
Terriglobus	NCBITaxon:392733
Rhodanobacter	NCBITaxon:75309
Elioraea	NCBITaxon:457933
Geodermatophilus	NCBITaxon:1860
Cyclobacteriaceae	NCBITaxon:563798
Algoriphagus	NCBITaxon:246875
Blastococcus	NCBITaxon:38501
Rhodoplanes	NCBITaxon:29407
Hydrogenophaga	NCBITaxon:47420
Nocardiopsaceae	NCBITaxon:83676
Nocardiopsis	NCBITaxon:2013
Thermotogae	null
Thermotogales	NCBITaxon:2419
Thermotogaceae	NCBITaxon:188709
Thermotoga	NCBITaxon:2335
Gemmata	NCBITaxon:113
Terrabacter	NCBITaxon:53355
Methylococcus	NCBITaxon:413
Helicobacteraceae	NCBITaxon:72293
Wolinella	NCBITaxon:843
Telmatospirillum	NCBITaxon:382513
Natranaerobiales	NCBITaxon:485256
Natranaerobiaceae	NCBITaxon:485255
Dethiobacter	NCBITaxon:427925
Sulfuritalea	NCBITaxon:1054211
Rhodobacter	NCBITaxon:1060
Actinospicaceae	NCBITaxon:414713
Actinospica	NCBITaxon:414715
Spirochaetes	NCBITaxon:203691
Spirochaetales	NCBITaxon:136
Leptospiraceae	NCBITaxon:170
Turneriella	NCBITaxon:338321
Chlamydiae	NCBITaxon:204428
Chlamydiales	NCBITaxon:51291
Parachlamydiaceae	NCBITaxon:92713
Syntrophomonas	NCBITaxon:862
Deefgea	NCBITaxon:400947
Rhodopseudomonas	NCBITaxon:1073
Chromatiales	NCBITaxon:135613
Chromatiaceae	NCBITaxon:1046
Rheinheimera	NCBITaxon:67575
Syntrophobotulus	NCBITaxon:51196
Desulfosarcina	NCBITaxon:2299
Peptostreptococcaceae	NCBITaxon:186804
Proteocatella	NCBITaxon:181069
Porphyromonadaceae	NCBITaxon:171551
Paludibacter	NCBITaxon:346096
Polaromonas	NCBITaxon:52972
Alishewanella	NCBITaxon:111142
Delftia	NCBITaxon:80865
Smithella	NCBITaxon:182623
Zoogloea	NCBITaxon:349
Syntrophorhabdaceae	NCBITaxon:513556
Syntrophorhabdus	NCBITaxon:513557
Anaeromyxobacter	NCBITaxon:161492
Aquimonas	NCBITaxon:265718
Pelotomaculum	NCBITaxon:191373
Caldiserica	NCBITaxon:67814
Caldisericia	NCBITaxon:693071
Caldisericales	NCBITaxon:693072
Caldisericaceae	NCBITaxon:693073
Caldisericum	NCBITaxon:693074
Rudaea	NCBITaxon:886360
Craurococcus	NCBITaxon:77583
Sinomonas	NCBITaxon:596707
Dongia	NCBITaxon:1146845
Actinophytocola	NCBITaxon:695999
Enhygromyxa	NCBITaxon:215802
Paenibacillaceae 2	null
Ammoniphilus	NCBITaxon:66862
Ferribacterium	NCBITaxon:88875
Coxiella	null
Petrimonas	NCBITaxon:307628
Methylophilales	NCBITaxon:206350
Methylophilaceae	NCBITaxon:32011
Methylobacillus	NCBITaxon:404
Luteimonas	NCBITaxon:83614
Aminobacter	NCBITaxon:31988
Ktedonobacteria	NCBITaxon:388447
Aquificae	null
Aquificales	NCBITaxon:32069
Hydrogenothermaceae	NCBITaxon:224027
Persephonella	NCBITaxon:182899
Shinella	NCBITaxon:323620
Pedomicrobium	NCBITaxon:47494
Sediminibacter	NCBITaxon:379072
Rubellimicrobium	NCBITaxon:295418
Nocardia	NCBITaxon:1817
Sulfuricurvum	NCBITaxon:286130
Anaerospora	NCBITaxon:244825
Aeromonadales	NCBITaxon:135624
Aeromonadaceae	NCBITaxon:84642
Aeromonas	NCBITaxon:642
Sinobacter	null
Syntrophus	null
Desulfomonile	NCBITaxon:2357
Cellulomonadaceae	NCBITaxon:85016
Cellulomonas	NCBITaxon:1707
Actinoplanes	NCBITaxon:1865
Parabacteroides	NCBITaxon:375288
Acidobacteria_Gp12	null
Gp12	null
Bacteroidaceae	NCBITaxon:815
Bacteroides	NCBITaxon:816
Saprospiraceae	NCBITaxon:89374
Haliscomenobacter	NCBITaxon:2349
Peredibacter	NCBITaxon:263370
Bosea	null
Acidobacteria_Gp11	null
Gp11	null
Rickettsiales	NCBITaxon:766
Rickettsiaceae	NCBITaxon:775
Rickettsia	NCBITaxon:780
Longilinea	NCBITaxon:475961
Roseburia	NCBITaxon:841
Cyanobacteria/Chloroplast	null
Cyanobacteria	NCBITaxon:1117
Cupriavidus	NCBITaxon:106589
Magnetospirillum	NCBITaxon:13134
Georgfuchsia	NCBITaxon:690621
Thermomicrobia	NCBITaxon:189775
Sphaerobacterales	NCBITaxon:85001
Sphaerobacteraceae	NCBITaxon:85002
Sphaerobacter	NCBITaxon:2056
Eubacteriaceae	NCBITaxon:186806
Acetobacterium	NCBITaxon:33951
Labrys	NCBITaxon:204476
Chromobacterium	NCBITaxon:535
Naxibacter	null
Clostridiaceae 2	null
Alkaliphilus	NCBITaxon:114627
Halothiobacillaceae	NCBITaxon:255526
Thiovirga	NCBITaxon:307586
Clostridiales_Incertae Sedis XIII	null
Anaerovorax	NCBITaxon:109326
Lentisphaerae	NCBITaxon:256845
Lentisphaeria	NCBITaxon:1313211
Victivallales	NCBITaxon:278082
Victivallaceae	NCBITaxon:255528
Victivallis	NCBITaxon:172900
Sulfuricella	NCBITaxon:935200
Blastopirellula	NCBITaxon:265487
Burkholderiales_incertae_sedis	null
Aquabacterium	NCBITaxon:92793
Silanimonas	NCBITaxon:292713
Rugosimonospora	NCBITaxon:1198243
Herbaspirillum	NCBITaxon:963
Family I	null
GpI	null
Undibacterium	NCBITaxon:401469
Micromonospora	NCBITaxon:1873
Paludibacterium	NCBITaxon:400060
Runella	NCBITaxon:105
Acidaminococcaceae	NCBITaxon:909930
Thermomicrobiales	NCBITaxon:189776
Thermomicrobiaceae	NCBITaxon:189777
Thermomicrobium	NCBITaxon:499
Albidiferax	null
Acidobacteria_Gp22	null
Gp22	null
Planococcaceae	NCBITaxon:186818
Sporosarcina	NCBITaxon:1569
Oxalicibacterium	NCBITaxon:223927
Sulfurihydrogenibium	NCBITaxon:212790
Sporichthyaceae	NCBITaxon:85033
Sporichthya	NCBITaxon:35750
Sphaerotilus	NCBITaxon:34102
Hydrotalea	NCBITaxon:1004300
Desulfosporosinus	NCBITaxon:79206
Myxococcaceae	NCBITaxon:31
Acidocella	NCBITaxon:50709
Corallococcus	NCBITaxon:83461
Propionivibrio	NCBITaxon:83766
Trueperaceae	NCBITaxon:332247
Truepera	NCBITaxon:332248
Amycolatopsis	NCBITaxon:1813
Sulfurimonas	NCBITaxon:202746
Bacillaceae 2	null
Virgibacillus	NCBITaxon:84406
Nitrosospira	NCBITaxon:35798
Niastella	NCBITaxon:354354
Parasegetibacter	NCBITaxon:1004302
Alterococcus	NCBITaxon:78553
Acidobacteria_Gp21	null
Gp21	null
Acidithiobacillales	NCBITaxon:225057
Acidithiobacillaceae	NCBITaxon:225058
Acidithiobacillus	NCBITaxon:119977
Asanoa	NCBITaxon:195964
Methylovirgula	NCBITaxon:1156568
Luteibacter	NCBITaxon:242605
Cystobacter	NCBITaxon:42
Rhodocista	NCBITaxon:34023
Epilithonimonas	NCBITaxon:358033
Geminicoccus	NCBITaxon:489140
Xanthobacter	NCBITaxon:279
BRC1	null
BRC1_genera_incertae_sedis	null
Pandoraea	NCBITaxon:93217
Iamiaceae	NCBITaxon:633392
Iamia	NCBITaxon:467975
Acidobacteria_Gp23	null
Gp23	null
Porphyromonas	NCBITaxon:836
Fibrobacteres	NCBITaxon:65842
Fibrobacteria	NCBITaxon:204430
Fibrobacterales	NCBITaxon:218872
Fibrobacteraceae	NCBITaxon:204431
Fibrobacter	NCBITaxon:832
Streptosporangium	NCBITaxon:2000
Pusillimonas	NCBITaxon:305976
Meniscus	NCBITaxon:200677
Syntrophothermus	NCBITaxon:129001
Methylosarcina	NCBITaxon:160800
Kaistia	NCBITaxon:166953
Saccharofermentans	NCBITaxon:1200657
Stella	NCBITaxon:93
Dehalococcoidetes	null
Dehalogenimonas	NCBITaxon:670486
Solimonas	NCBITaxon:413435
Clostridiales_Incertae Sedis XVII	null
Thermaerobacter	NCBITaxon:73918
Geobacillus	NCBITaxon:129337
Sandarakinorhabdus	NCBITaxon:362865
Rhodovulum	NCBITaxon:34008
Lewinella	NCBITaxon:70994
Gracilibacteraceae	NCBITaxon:541019
Gracilibacter	NCBITaxon:342658
Schlesneria	NCBITaxon:656899
Janthinobacterium	NCBITaxon:29580
Desulfomicrobiaceae	NCBITaxon:213116
Desulfomicrobium	NCBITaxon:898
Larkinella	NCBITaxon:332157
Herminiimonas	NCBITaxon:303379
Niabella	NCBITaxon:379899
Yersinia	null
Chrysiogenetes	null
Chrysiogenales	NCBITaxon:189769
Chrysiogenaceae	NCBITaxon:189770
Desulfurispirillum	NCBITaxon:393029
Neochlamydia	NCBITaxon:112987
Simplicispira	NCBITaxon:352450
Campylobacter	NCBITaxon:194
Rummeliibacillus	NCBITaxon:648802
Dictyoglomi	NCBITaxon:68297
Dictyoglomia	NCBITaxon:203486
Dictyoglomales	NCBITaxon:203487
Dictyoglomaceae	NCBITaxon:203488
Dictyoglomus	NCBITaxon:13
Clostridiales_Incertae Sedis XII	null
Acidaminobacter	NCBITaxon:65402
Clostridium IV	null
Synergistetes	NCBITaxon:508458
Synergistia	NCBITaxon:649775
Synergistales	NCBITaxon:649776
Synergistaceae	NCBITaxon:649777
Cloacibacillus	NCBITaxon:508459
Oxobacter	NCBITaxon:44261
Promicromonosporaceae	NCBITaxon:85017
Isoptericola	NCBITaxon:254250
Methylophilus	NCBITaxon:16
Desulfovirga	NCBITaxon:149711
Polynucleobacter	NCBITaxon:44013
Actinoallomurus	NCBITaxon:667113
Lactococcus	NCBITaxon:1357
Thiohalomonas	NCBITaxon:397268
Asaia	NCBITaxon:91914
Limnobacter	NCBITaxon:131079
Ochrobactrum	NCBITaxon:528
Lacibacter	NCBITaxon:649461
Clostridium XI	null
Collimonas	NCBITaxon:202907
Rikenellaceae	NCBITaxon:171550
Alistipes	NCBITaxon:239759
Nakamurellaceae	NCBITaxon:85031
Humicoccus	null
Tepidimonas	NCBITaxon:114248
Sutterellaceae	NCBITaxon:995019
Parasutterella	NCBITaxon:577310
Coprococcus	NCBITaxon:33042
Sedimentibacter	NCBITaxon:190972
Methylocystaceae	NCBITaxon:31993
Methylocystis	NCBITaxon:133
Geothrix	NCBITaxon:44675
Leuconostocaceae	NCBITaxon:81850
Leuconostoc	NCBITaxon:1243
Azospira	NCBITaxon:146937
Chelatococcus	NCBITaxon:28209
Paraprevotella	NCBITaxon:577309
Faecalibacterium	NCBITaxon:216851
Desulfocapsa	NCBITaxon:53318
Catelliglobosispora	NCBITaxon:1121253
Ruminococcus	NCBITaxon:1263
Nitrosomonas	NCBITaxon:914
Veillonella	NCBITaxon:29465
Thermomonas	NCBITaxon:141948
Wautersiella	NCBITaxon:343873
Dialister	NCBITaxon:39948
Dactylosporangium	NCBITaxon:35753
Buttiauxella	NCBITaxon:82976
Phaeobacter	NCBITaxon:302485
Tenericutes	NCBITaxon:544448
Mollicutes	NCBITaxon:31969
Mycoplasmatales	NCBITaxon:2085
Mycoplasmataceae	NCBITaxon:2092
Mycoplasma	NCBITaxon:2093
Erysipelotrichia	NCBITaxon:526524
Erysipelotrichales	NCBITaxon:526525
Erysipelotrichaceae	NCBITaxon:128827
Erysipelothrix	NCBITaxon:1647
Asticcacaulis	NCBITaxon:76890
Acidobacteria_Gp9	null
Gp9	null
Rhizobacter	NCBITaxon:212743
Fusobacteriaceae	NCBITaxon:203492
Fusobacterium	NCBITaxon:848
Rhizobiales_incertae_sedis	null
Bauldia	NCBITaxon:1145345
Sporacetigenium	NCBITaxon:360541
Capnocytophaga	NCBITaxon:1016
Mesorhizobium	NCBITaxon:68287
Leeia	NCBITaxon:650341
Virgisporangium	NCBITaxon:65504
Cellulosilyticum	NCBITaxon:698776
Deferribacteres	null
Deferribacterales	NCBITaxon:191393
Deferribacteraceae	NCBITaxon:191394
Deferribacter	NCBITaxon:53572
Acidobacteria_Gp25	null
Gp25	null
Methylobacter	NCBITaxon:429
Vogesella	NCBITaxon:57739
OP11	null
OP11_genera_incertae_sedis	null
Perlucidibaca	NCBITaxon:661182
Denitratisoma	NCBITaxon:311181
Alkanibacter	NCBITaxon:568387
Bifidobacteriales	NCBITaxon:85004
Bifidobacteriaceae	NCBITaxon:31953
Bifidobacterium	NCBITaxon:1678
Acidobacteria_Gp24	null
Gp24	null
Desulforegula	NCBITaxon:153027
Altererythrobacter	NCBITaxon:361177
Methylomicrobium	NCBITaxon:39773
Sanguibacteraceae	NCBITaxon:145360
Sanguibacter	NCBITaxon:60919
Olivibacter	NCBITaxon:376469
Desulfitibacter	NCBITaxon:293136
Ethanoligenens	NCBITaxon:253238
Thermoactinomycetaceae 1	null
Shimazuella	NCBITaxon:471798
Finegoldia	NCBITaxon:150022
Sporomusa	NCBITaxon:2375
Atopobium	NCBITaxon:1380
Acetoanaerobium	NCBITaxon:186831
Phascolarctobacterium	NCBITaxon:33024
Thermoleophilales	NCBITaxon:588674
Thermoleophilaceae	NCBITaxon:320796
Thermoleophilum	NCBITaxon:192992
Serratia	NCBITaxon:613
Dietziaceae	NCBITaxon:85029
Dietzia	NCBITaxon:37914
Bacillales_Incertae Sedis XII	null
Exiguobacterium	NCBITaxon:33986
Bryobacter	NCBITaxon:911113
Cryptosporangiaceae	NCBITaxon:622454
Cryptosporangium	NCBITaxon:65502
Desulfobacca	NCBITaxon:60892
Tsukamurellaceae	NCBITaxon:85028
Tsukamurella	NCBITaxon:2060
Kineococcus	NCBITaxon:33981
Sterolibacterium	NCBITaxon:157591
Marmoricola	NCBITaxon:86795
Oceanobacillus	NCBITaxon:182709
Chitinibacter	NCBITaxon:230666
Kribbella	NCBITaxon:182639
Edaphobacter	NCBITaxon:388463
Clostridium XlVa	null
Sulfurospirillum	NCBITaxon:57665
Porphyrobacter	NCBITaxon:1111
Arsenophonus	NCBITaxon:637
Weissella	NCBITaxon:46255
Natronincola	NCBITaxon:89958
Planococcaceae_incertae_sedis	null
Hydrogenophilus	NCBITaxon:70774
Curvibacter	NCBITaxon:281915
Tissierella	NCBITaxon:41273
Terribacillus	NCBITaxon:459532
Azohydromonas	NCBITaxon:312063
Pasteurellales	NCBITaxon:135625
Pasteurellaceae	NCBITaxon:712
Phaselicystidaceae	NCBITaxon:651809
Phaselicystis	NCBITaxon:651810
Arcicella	NCBITaxon:217140
Enterococcus	NCBITaxon:1350
Carnobacterium	NCBITaxon:2747
Fibrella	NCBITaxon:861914
Anaeroarcus	NCBITaxon:151038
Chlorobia	NCBITaxon:191410
Chlorobiales	NCBITaxon:191411
Chlorobiaceae	NCBITaxon:191412
Chlorobium	NCBITaxon:1091
Psychrobacter	NCBITaxon:497
Cronobacter	NCBITaxon:413496
Paracoccus	null
Brucella	NCBITaxon:234
Gluconobacter	NCBITaxon:441
Providencia	NCBITaxon:586
Azonexus	NCBITaxon:146936
Dyella	NCBITaxon:231454
Tepidamorphus	NCBITaxon:747074
Afipia	NCBITaxon:1033
Microvirgula	NCBITaxon:57479
Siphonobacter	NCBITaxon:700450
Acidobacteria_Gp20	null
Gp20	null
Petrobacter	null
Jiangellaceae	NCBITaxon:1217100
Jiangella	NCBITaxon:281472
Planotetraspora	NCBITaxon:58120
Dysgonomonas	NCBITaxon:156973
Actinocorallia	NCBITaxon:58108
Microvirga	NCBITaxon:186650
Saccharibacillus	NCBITaxon:456492
Dehalobacter	NCBITaxon:56112
Pleomorphomonas	NCBITaxon:261933
Rhodovarius	NCBITaxon:268408
Fodinicurvata	NCBITaxon:1121829
Rhodoferax	NCBITaxon:28065
Sneathia	NCBITaxon:168808
Advenella	NCBITaxon:290425
Angustibacter	NCBITaxon:908626
Vibrionales	NCBITaxon:135623
Vibrionaceae	NCBITaxon:641
Photobacterium	NCBITaxon:657
Verrucomicrobium	NCBITaxon:2735
Pediococcus	NCBITaxon:1253
Brevibacteriaceae	NCBITaxon:85019
Brevibacterium	NCBITaxon:1696
Xanthomonas	NCBITaxon:338
Thermoactinomycetaceae 2	null
Planifilum	NCBITaxon:332100
Acidobacteria_Gp19	null
Gp19	null
Lutibacter	NCBITaxon:358023
Syntrophococcus	NCBITaxon:84036
Shewanellaceae	NCBITaxon:267890
Shewanella	NCBITaxon:22
Actinomadura	NCBITaxon:1988
Simkaniaceae	NCBITaxon:92712
Simkania	NCBITaxon:34093
Pseudochrobactrum	NCBITaxon:354349
Smaragdicoccus	NCBITaxon:613121
Orbus	NCBITaxon:743714
Fusibacter	NCBITaxon:76008
Pseudoalteromonadaceae	NCBITaxon:267888
Pseudoalteromonas	NCBITaxon:53246
Filimonas	NCBITaxon:649460
Fructobacillus	NCBITaxon:559173
Sphingosinicella	NCBITaxon:335405
Haemophilus	NCBITaxon:724
Demequinaceae	NCBITaxon:1042322
Demequina	NCBITaxon:577469
Alloiococcus	NCBITaxon:1651
Dermabacteraceae	NCBITaxon:85020
Brachybacterium	NCBITaxon:43668
Globicatella	NCBITaxon:13075
Tepidibacter	NCBITaxon:214904
Nakamurella	NCBITaxon:53460
Enhydrobacter	NCBITaxon:212791
Inhella	NCBITaxon:644355
Roseateles	NCBITaxon:93681
Puniceicoccales	NCBITaxon:415001
Puniceicoccaceae	NCBITaxon:415002
Parachlamydia	NCBITaxon:83551
Thauera	NCBITaxon:33057
Haliangiaceae	null
Haliangium	NCBITaxon:162027
Turicibacter	NCBITaxon:191303
SR1	null
SR1_genera_incertae_sedis	null
Spirochaetaceae	NCBITaxon:137
Spirochaeta	NCBITaxon:146
Wautersia	null
Isosphaera	NCBITaxon:127
Acidobacteria_Gp14	null
Gp14	null
Sorangium	NCBITaxon:39643
Acidothermaceae	NCBITaxon:85032
Acidothermus	NCBITaxon:28048
Methylocaldum	NCBITaxon:73778
Methylosoma	NCBITaxon:392710
Xiphinematobacter	null
Subdivision5	null
Subdivision5_genera_incertae_sedis	null
Nannocystis	NCBITaxon:53
Nitrobacter	NCBITaxon:911
Vasilyevaea	NCBITaxon:1146841
Rhodothermaceae	NCBITaxon:563843
Catellibacterium	null
Uliginosibacterium	NCBITaxon:392735
Rudanella	NCBITaxon:451373
Ktedonobacterales	NCBITaxon:388448
Ktedonobacteraceae	NCBITaxon:388449
Ktedonobacter	NCBITaxon:363276
Cesiribacter	NCBITaxon:1133570
Kofleriaceae	NCBITaxon:224464
Kofleria	NCBITaxon:224465
Solitalea	NCBITaxon:929509
Malikia	NCBITaxon:263066
Flavihumibacter	NCBITaxon:1004301
Formivibrio	NCBITaxon:83764
Leadbetterella	NCBITaxon:319458
Aureispira	NCBITaxon:365032
Phaeospirillum	NCBITaxon:85265
Ectothiorhodospiraceae	NCBITaxon:72276
Microlunatus	NCBITaxon:29404
Sporobacter	NCBITaxon:44748
Cerasicoccus	NCBITaxon:468938
Rugamonas	NCBITaxon:212744
Pimelobacter	NCBITaxon:2044
Oryzihumus	NCBITaxon:344063
Azotobacter	NCBITaxon:352
Azomonas	NCBITaxon:69961
Renibacterium	NCBITaxon:1645
Acidiphilium	NCBITaxon:522
Thiohalobacter	NCBITaxon:1273155
Caenispirillum	NCBITaxon:414051
Marinilabiaceae	null
Alkaliflexus	NCBITaxon:286729
Actinomycetospora	NCBITaxon:402649
Pseudorhodoferax	NCBITaxon:747294
Granulicatella	NCBITaxon:117563
Bordetella	NCBITaxon:517
Ferrimicrobium	NCBITaxon:121038
Quadrisphaera	NCBITaxon:317661
Methylocapsa	NCBITaxon:184923
Psychrosinus	NCBITaxon:552808
Tolumonas	NCBITaxon:43947
Riemerella	NCBITaxon:34084
Thalassobacter	NCBITaxon:266808
Desulfatirhabdium	NCBITaxon:497742
Crossiella	NCBITaxon:130795
Howardella	NCBITaxon:404402
Pelagibius	NCBITaxon:643951
Blastochloris	NCBITaxon:59282
Thiobacter	NCBITaxon:279809
Papillibacter	NCBITaxon:100175
Planomonospora	NCBITaxon:1998
Methylovulum	NCBITaxon:762296
Stigmatella	NCBITaxon:40
Xenophilus	NCBITaxon:151754
Filomicrobium	NCBITaxon:119044
Levilinea	NCBITaxon:475965
Fervidicella	NCBITaxon:1403538
Acetivibrio	NCBITaxon:35829
Oxalobacter	NCBITaxon:846
Belnapia	NCBITaxon:365532
Propionispira	NCBITaxon:84034
Labrenzia	NCBITaxon:478070
Terracoccus	NCBITaxon:68903
Deferribacterales_incertae_sedis	null
Caldithrix	NCBITaxon:187144
Ferrithrix	NCBITaxon:643949
Gulbenkiania	NCBITaxon:397456
Curtobacterium	NCBITaxon:2034
Thermoanaerobacterales	NCBITaxon:68295
Thermoanaerobacteraceae	NCBITaxon:186814
Family VIII	null
GpVIII	null
Zhihengliuella	NCBITaxon:370735
Desulfatibacillum	NCBITaxon:218207
Cryobacterium	NCBITaxon:69578
Family XIII	null
GpXIII	null
Mycoplana	NCBITaxon:13159
Ancylobacter	NCBITaxon:99
Acidaminococcus	NCBITaxon:904
Spirochaetales_incertae_sedis	null
Exilispira	NCBITaxon:568400
Thermosyntropha	NCBITaxon:54293
Raoultella	NCBITaxon:160674
Leminorella	NCBITaxon:82980
Orientia	NCBITaxon:69474
Haematobacter	NCBITaxon:366614
Pyxidicoccus	NCBITaxon:224458
Owenweeksia	NCBITaxon:267986
Desulfofustis	NCBITaxon:51194
Treponema	NCBITaxon:157
Pseudofulvimonas	NCBITaxon:999506
Clostridiaceae 4	null
Geosporobacter	NCBITaxon:390805
Leifsonia	NCBITaxon:110932
Anaerorhabdus	NCBITaxon:118966
Prolixibacter	NCBITaxon:314318
Erythrobacter	NCBITaxon:1041
Oerskovia	NCBITaxon:162491
Afifella	NCBITaxon:643217
Gemmiger	NCBITaxon:204475
Rhodopirellula	NCBITaxon:265488
Lishizhenia	NCBITaxon:559293
Oceanospirillaceae	NCBITaxon:135620
Porticoccus	NCBITaxon:1123967
Thermoflavimicrobium	NCBITaxon:292636
Rhodopila	NCBITaxon:1070
Lachnospiracea_incertae_sedis	null
Paracraurococcus	NCBITaxon:77674
Corynebacterineae_incertae_sedis	null
Hoyosella	NCBITaxon:697025
Marinifilum	NCBITaxon:866673
Planobacterium	null
Peptococcaceae I	null
Desulfitispora	NCBITaxon:1006482
Desulforhopalus	NCBITaxon:40413
Actibacter	NCBITaxon:449462
Desmospora	NCBITaxon:500614
Lentibacillus	NCBITaxon:175304
Thermodesulfovibrio	NCBITaxon:28261
Arenicella	NCBITaxon:904708
Desertibacter	NCBITaxon:1400063
Thermodesulforhabdus	NCBITaxon:88358
Granulosicoccaceae	NCBITaxon:449719
Granulosicoccus	NCBITaxon:437504
Citrobacter	NCBITaxon:544
Parvularculales	NCBITaxon:255473
Parvularculaceae	NCBITaxon:255474
Parvularcula	NCBITaxon:208215
Moryella	NCBITaxon:437755
Anderseniella	NCBITaxon:444432
Anoxynatronum	NCBITaxon:210622
Thalassobaculum	NCBITaxon:526215
Caldimonas	NCBITaxon:196013
Aquamicrobium	NCBITaxon:69278
Spirillospora	NCBITaxon:58122
Tindallia	NCBITaxon:69894
Anaerofustis	NCBITaxon:264995
Achromobacter	NCBITaxon:222
Desulfonispora	NCBITaxon:83660
Beutenbergiaceae	NCBITaxon:125316
Serinibacter	NCBITaxon:690565
Pigmentiphaga	NCBITaxon:152267
Clavibacter	NCBITaxon:1573
Desulfonema	NCBITaxon:45654
Saccharopolyspora	NCBITaxon:1835
Methylotenera	NCBITaxon:359407
Salinibacterium	NCBITaxon:235888
Desulfurivibrio	NCBITaxon:427922
Methylopila	NCBITaxon:61653
Pelistega	NCBITaxon:106146
Oleiphilaceae	NCBITaxon:191033
Oleiphilus	NCBITaxon:141450
Paucimonas	NCBITaxon:157932
Umezawaea	NCBITaxon:583360
Mycetocola	NCBITaxon:76634
Streptacidiphilus	NCBITaxon:228398
Microtetraspora	NCBITaxon:1995
Enterobacter	NCBITaxon:547
Cedecea	NCBITaxon:158483
Desulfacinum	NCBITaxon:35836
Lysinibacillus	NCBITaxon:400634
Leucobacter	NCBITaxon:55968
Parasporobacterium	NCBITaxon:115543
Actinobacillus	NCBITaxon:713
Pseudomonadales_incertae_sedis	null
Dasania	NCBITaxon:503005
Verrucosispora	NCBITaxon:84593
Aquaspirillum	NCBITaxon:187
Dermacoccaceae	NCBITaxon:145357
Desulfofaba	NCBITaxon:109169
Fulvimarina	NCBITaxon:217510
Coraliomargarita	NCBITaxon:442430
Ramlibacter	NCBITaxon:174951
Agromonas	null
Andreprevotia	NCBITaxon:397275
Hyphomonadaceae	NCBITaxon:69657
Fulvimonas	NCBITaxon:155196
Leptothrix	NCBITaxon:88
Nitrosococcus	NCBITaxon:1227
Desulfopila	NCBITaxon:429014
Leptonema	null
Stakelama	NCBITaxon:1124625
Frateuria	NCBITaxon:70411
Desulfosalsimonas	NCBITaxon:377149
Rivibacter	NCBITaxon:1146865
Wandonia	NCBITaxon:1115103
Desulfovirgula	NCBITaxon:418453
Amorphus	NCBITaxon:580880
Ruegeria	NCBITaxon:97050
Chitinilyticum	NCBITaxon:551208
Derxia	NCBITaxon:203697
Methyloversatilis	NCBITaxon:378210
Ottowia	NCBITaxon:219181
Methylohalomonas	NCBITaxon:398772
Azovibrio	NCBITaxon:146935
Oligotropha	NCBITaxon:40136
Chlamydiaceae	NCBITaxon:809
Brachymonas	NCBITaxon:28219
Elusimicrobia	null
Elusimicrobiales	NCBITaxon:641854
Elusimicrobiaceae	NCBITaxon:641876
Elusimicrobium	NCBITaxon:423604
Ornithobacterium	NCBITaxon:28250
Chloroflexales	NCBITaxon:32064
Chloroflexaceae	NCBITaxon:1106
Heliothrix	NCBITaxon:1109
Barnesiella	NCBITaxon:397864
Rhodovibrio	NCBITaxon:85274
Diaphorobacter	NCBITaxon:238749
Marinoscillum	NCBITaxon:643701
Spongiibacter	NCBITaxon:630749
Plesiomonas	NCBITaxon:702
Gemmobacter	NCBITaxon:204456
Empedobacter	NCBITaxon:59734
Thioalkalispira	NCBITaxon:200623
Granulibacter	NCBITaxon:364409
Anaerobacter	null
Celerinatantimonadaceae	NCBITaxon:412032
Celerinatantimonas	NCBITaxon:412033
Aquitalea	NCBITaxon:407217
Clostridium XlVb	null
Flectobacillus	NCBITaxon:101
Acetonema	NCBITaxon:2373
Nisaea	NCBITaxon:390876
Paucibacter	NCBITaxon:318147
Clostridiaceae 3	null
Family IV	null
GpIV	null
Oceanibaculum	NCBITaxon:659693
Euzebyales	NCBITaxon:908621
Euzebyaceae	NCBITaxon:908622
Euzebya	NCBITaxon:908623
Bacillales_incertae_sedis	null
Calditerricola	NCBITaxon:373053
Saccharospirillaceae	NCBITaxon:255527
Saccharospirillum	NCBITaxon:231683
Desulforhabdus	NCBITaxon:39840
Thiotrichaceae	NCBITaxon:135617
Beggiatoa	NCBITaxon:1021
Geopsychrobacter	NCBITaxon:271087
Plesiocystis	NCBITaxon:191767
Blastomonas	NCBITaxon:150203
Croceicoccus	NCBITaxon:1295327
Thiorhodospira	NCBITaxon:154346
Streptosporangineae_incertae_sedis	null
Sinosporangium	NCBITaxon:1367968
Pseudacidovorax	NCBITaxon:433923
Sedimenticola	NCBITaxon:349742
Longispora	NCBITaxon:203522
Acidimicrobium	NCBITaxon:53634
Acidobacterium	NCBITaxon:33973
Saxeibacter	null
Tepidicella	NCBITaxon:360239
Saccharophagus	NCBITaxon:316625
Phycisphaerae	NCBITaxon:666505
Phycisphaerales	NCBITaxon:666506
Phycisphaeraceae	NCBITaxon:666507
Phycisphaera	NCBITaxon:666508
Desulfarculales	NCBITaxon:453227
Desulfarculaceae	NCBITaxon:453228
Desulfarculus	NCBITaxon:453229
Stappia	NCBITaxon:152161
Marinobacter	NCBITaxon:2742
Sporocytophaga	NCBITaxon:1011
Aspromonas	null
Aquiflexum	NCBITaxon:280472
